﻿{
    "definition": [
        {
            "htmlClass": "col-lg-6",
            "key": "type_accident"
        },
        {
            "htmlClass": "col-lg-6",
            "key": "number_people_involved"
        },
        {
            "htmlClass": "col-lg-6",
            "key": "animals_involved"
        }
    ],
    "schema": {
        "$schema": "http://json-schema.org/draft-04/schema#",
        "icon_id": "accident_rep",
        "id": "https://sandbox.pamdas.org/api/v1.0/activity/events/schema/eventtype/accident_rep",
        "image_url": "https://sandbox.pamdas.org/static/accident-black.svg",
        "properties": {
            "animals_involved": {
                "title": "Animals involved",
                "type": "string"
            },
            "number_people_involved": {
                "minimum": 0,
                "title": "Number of people involved",
                "type": "number"
            },
            "type_accident": {
                "title": "Type of accident",
                "type": "string"
            }
        },
        "title": "EventType Test Data",
        "type": "object"
    }
}
