﻿{
    "definition": [
        {
            "htmlClass": "col-lg-6",
            "key": "acoustic_detection_classification"
        },
        {
            "htmlClass": "col-lg-6",
            "key": "acoustic_detection_device"
        },
        {
            "htmlClass": "col-lg-6",
            "key": "acoustic_detection_audio_url"
        }
    ],
    "schema": {
        "$schema": "http://json-schema.org/draft-04/schema#",
        "icon_id": "acoustic_sensor_rep",
        "id": "https://sandbox.pamdas.org/api/v1.0/activity/events/schema/eventtype/acoustic_detection",
        "image_url": "https://sandbox.pamdas.org/static/sprite-src/acoustic_sensor_rep.svg",
        "properties": {
            "acoustic_detection_audio_url": {
                "format": "uri",
                "title": "Audio URL",
                "type": "string"
            },
            "acoustic_detection_classification": {
                "title": "What was detected",
                "type": "string"
            },
            "acoustic_detection_device": {
                "title": "Device name",
                "type": "string"
            }
        },
        "title": "Acoustic Detection (acoustic_detection)",
        "type": "object"
    }
}
