﻿{
    "definition": [
        {
            "htmlClass": "col-lg-6",
            "key": "activityrep_whatseen"
        },
        {
            "htmlClass": "col-lg-6",
            "key": "activityrep_bearing"
        },
        {
            "htmlClass": "col-lg-6",
            "key": "activityrep_distance"
        },
        {
            "htmlClass": "col-lg-6",
            "key": "activityrep_patrolresponse"
        }
    ],
    "schema": {
        "$schema": "http://json-schema.org/draft-04/schema#",
        "icon_id": "activity_rep",
        "id": "https://sandbox.pamdas.org/api/v1.0/activity/events/schema/eventtype/activity_rep",
        "image_url": "https://sandbox.pamdas.org/static/sprite-src/activity_rep.svg",
        "properties": {
            "activityrep_bearing": {
                "maximum": 360,
                "minimum": 0,
                "title": "Bearing (0-360)",
                "type": "number"
            },
            "activityrep_distance": {
                "minimum": 0,
                "title": "Distance (m)",
                "type": "number"
            },
            "activityrep_patrolresponse": {
                "title": "Patrols Response / Intent",
                "type": "string"
            },
            "activityrep_whatseen": {
                "title": "What was seen?",
                "type": "string"
            }
        },
        "title": "Activity Report (activity_rep)",
        "type": "object"
    }
}
