﻿{
    "definition": [
        {
            "htmlClass": "col-lg-6",
            "key": "post"
        },
        {
            "htmlClass": "col-lg-6",
            "key": "numRangers"
        },
        {
            "htmlClass": "col-lg-6",
            "key": "numSickRangers"
        },
        {
            "htmlClass": "col-lg-6",
            "key": "numRangersOffDuty"
        },
        {
            "htmlClass": "col-lg-6",
            "key": "numRangersAtPost"
        },
        {
            "htmlClass": "col-lg-6",
            "key": "additionalInfo"
        }
    ],
    "schema": {
        "$schema": "http://json-schema.org/draft-04/schema#",
        "icon_id": "all_posts",
        "id": "https://sandbox.pamdas.org/api/v1.0/activity/events/schema/eventtype/all_posts",
        "image_url": "https://sandbox.pamdas.org/static/all_posts-black.svg",
        "properties": {
            "additionalInfo": {
                "title": "Additional Information",
                "type": "string"
            },
            "numRangers": {
                "minimum": 0,
                "title": "Number of Rangers on Patrol",
                "type": "number"
            },
            "numRangersAtPost": {
                "minimum": 0,
                "title": "Number of Rangers at Post",
                "type": "number"
            },
            "numRangersOffDuty": {
                "minimum": 0,
                "title": "Number of Rangers off Duty",
                "type": "number"
            },
            "numSickRangers": {
                "minimum": 0,
                "title": "Number of Rangers Sick",
                "type": "number"
            },
            "post": {
                "enum": [
                    "unknown"
                ],
                "enumNames": {
                    "unknown": "Unknown"
                },
                "title": "Post",
                "type": "string"
            }
        },
        "title": "EventType Data",
        "type": "object"
    }
}
