﻿{
    "definition": [
        {
            "htmlClass": "col-lg-6",
            "key": "animalcontrolrep_species"
        },
        {
            "htmlClass": "col-lg-6",
            "key": "animalcontrolrep_numberanimals"
        },
        {
            "htmlClass": "col-lg-6",
            "key": "animalcontrolrep_reason"
        },
        {
            "htmlClass": "col-lg-6",
            "key": "animalcontrolrep_shotsfired"
        }
    ],
    "schema": {
        "$schema": "http://json-schema.org/draft-04/schema#",
        "icon_id": "animal_control_rep",
        "id": "https://sandbox.pamdas.org/api/v1.0/activity/events/schema/eventtype/animal_control_rep",
        "image_url": "https://sandbox.pamdas.org/static/animal_control-black.svg",
        "properties": {
            "animalcontrolrep_numberanimals": {
                "minimum": 0,
                "title": "Number of Animals",
                "type": "number"
            },
            "animalcontrolrep_reason": {
                "title": "Reason Animal Control Needed",
                "type": "string"
            },
            "animalcontrolrep_shotsfired": {
                "minimum": 0,
                "title": "Number of Shots Fired",
                "type": "number"
            },
            "animalcontrolrep_species": {
                "enum": [
                    "baboon",
                    "buffalo",
                    "dog",
                    "elephant",
                    "hippo",
                    "hyena",
                    "leopard",
                    "lion",
                    "monkey",
                    "warthog",
                    "wildebeest",
                    "zebra",
                    "other"
                ],
                "enumNames": {
                    "baboon": "Baboon",
                    "buffalo": "Buffalo",
                    "dog": "Dog",
                    "elephant": "Elephant",
                    "hippo": "Hippo",
                    "hyena": "Hyena",
                    "leopard": "Leopard",
                    "lion": "Lion",
                    "monkey": "Monkey",
                    "other": "Other",
                    "warthog": "Warthog",
                    "wildebeest": "Wildebeest",
                    "zebra": "Zebra"
                },
                "title": "Animal Species",
                "type": "string"
            }
        },
        "title": "Animal Control Report (animal_control_rep)",
        "type": "object"
    }
}
