﻿{
    "definition": [
        {
            "htmlClass": "col-lg-6",
            "key": "arrestrep_name"
        },
        {
            "htmlClass": "col-lg-6",
            "key": "arrestrep_age"
        },
        {
            "fieldHtmlClass": "date-time-picker json-schema",
            "htmlClass": "col-lg-6",
            "key": "arrestrep_dateofbirth",
            "readonly": false
        },
        {
            "htmlClass": "col-lg-6",
            "key": "arrestrep_villagename"
        },
        {
            "htmlClass": "col-lg-6",
            "key": "arrestrep_nationality"
        },
        {
            "htmlClass": "col-lg-6",
            "key": "arrestrep_reaonforarrest"
        },
        {
            "fieldHtmlClass": "date-time-picker json-schema",
            "htmlClass": "col-lg-6",
            "key": "arrestrep_timeofarrest",
            "readonly": false
        },
        {
            "htmlClass": "col-lg-6",
            "key": "arrestrep_placeofarrest"
        },
        {
            "htmlClass": "col-lg-6",
            "key": "arrestrep_arrestingranger"
        },
        {
            "htmlClass": "col-lg-6",
            "key": "arrestrep_witness"
        }
    ],
    "schema": {
        "$schema": "http://json-schema.org/draft-04/schema#",
        "icon_id": "arrest_rep",
        "id": "https://sandbox.pamdas.org/api/v1.0/activity/events/schema/eventtype/arrest_rep",
        "image_url": "https://sandbox.pamdas.org/static/arrest-black.svg",
        "properties": {
            "arrestrep_age": {
                "minimum": 0,
                "title": "Age",
                "type": "number"
            },
            "arrestrep_arrestingranger": {
                "title": "Arresting Ranger",
                "type": "string"
            },
            "arrestrep_dateofbirth": {
                "title": "Date of Birth",
                "type": "string"
            },
            "arrestrep_name": {
                "title": "Name of Arrestee",
                "type": "string"
            },
            "arrestrep_nationality": {
                "enum": [
                    "america",
                    "angola",
                    "botswana",
                    "camaroon",
                    "centralafricanrepublic",
                    "chad",
                    "china",
                    "congodrc",
                    "congobrazzaville",
                    "ethiopia",
                    "france",
                    "gabon",
                    "kenya",
                    "malawi",
                    "mozambique",
                    "namibia",
                    "rwanda",
                    "somalia",
                    "southafrica",
                    "sudansouth",
                    "sudannorth",
                    "tanzania",
                    "uganda",
                    "zambia",
                    "zimbabwe",
                    "other"
                ],
                "enumNames": {
                    "america": "America",
                    "angola": "Angola",
                    "botswana": "Botswana",
                    "camaroon": "Camaroon",
                    "centralafricanrepublic": "Central African Republic",
                    "chad": "Chad",
                    "china": "China",
                    "congobrazzaville": "Congo (Brazzaville)",
                    "congodrc": "Congo (DRC)",
                    "ethiopia": "Ethiopia",
                    "france": "France",
                    "gabon": "Gabon",
                    "kenya": "Kenya",
                    "malawi": "Malawi",
                    "mozambique": "Mozambique",
                    "namibia": "Namibia",
                    "other": "Other",
                    "rwanda": "Rwanda",
                    "somalia": "Somalia",
                    "southafrica": "South Africa",
                    "sudannorth": "Sudan (North)",
                    "sudansouth": "Sudan (South)",
                    "tanzania": "Tanzania",
                    "uganda": "Uganda",
                    "zambia": "Zambia",
                    "zimbabwe": "Zimbabwe"
                },
                "title": "Nationality",
                "type": "string"
            },
            "arrestrep_placeofarrest": {
                "title": "Place of Arrest",
                "type": "string"
            },
            "arrestrep_reaonforarrest": {
                "enum": [
                    "bushmeat",
                    "charcoal",
                    "firearm",
                    "fishing",
                    "grazinglivestock",
                    "huntingdogs",
                    "ivory",
                    "logging",
                    "mining",
                    "poaching",
                    "resourceharvesting",
                    "rhinohorn",
                    "snare",
                    "speeding",
                    "startingfires",
                    "tresspassing",
                    "other"
                ],
                "enumNames": {
                    "bushmeat": "Bush Meat",
                    "charcoal": "Charcoal",
                    "firearm": "Firearm",
                    "fishing": "Fishing",
                    "grazinglivestock": "Grazing Livestock",
                    "huntingdogs": "Hunting Dogs",
                    "ivory": "Ivory",
                    "logging": "Logging",
                    "mining": "Mining",
                    "other": "Other",
                    "poaching": "Poaching",
                    "resourceharvesting": "Resource Harvesting",
                    "rhinohorn": "Rhino Horn",
                    "snare": "Snare",
                    "speeding": "Speeding",
                    "startingfires": "Starting Fires",
                    "tresspassing": "Tresspassing"
                },
                "title": "Reason for Arrest",
                "type": "string"
            },
            "arrestrep_timeofarrest": {
                "title": "Time of Arrest",
                "type": "string"
            },
            "arrestrep_villagename": {
                "title": "Village Name",
                "type": "string"
            },
            "arrestrep_witness": {
                "title": "Witness (may be multiple)",
                "type": "string"
            }
        },
        "title": "Arrest Report (arrest_rep)",
        "type": "object"
    }
}
