﻿{
    "definition": [
        {
            "htmlClass": "col-lg-6",
            "key": "cameratraprep_camera-name"
        },
        {
            "htmlClass": "col-lg-6",
            "key": "cameratraprep_camera-make"
        },
        {
            "htmlClass": "col-lg-6",
            "key": "cameratraprep_camera-version"
        },
        {
            "htmlClass": "col-lg-6",
            "key": "detected"
        }
    ],
    "schema": {
        "$schema": "http://json-schema.org/draft-04/schema#",
        "icon_id": "cameratrap_rep",
        "id": "https://sandbox.pamdas.org/api/v1.0/activity/events/schema/eventtype/cameratrap_rep",
        "image_url": "https://sandbox.pamdas.org/static/cameratrap-black.svg",
        "properties": {
            "cameratraprep_camera-make": {
                "title": "Camera Make",
                "type": "string"
            },
            "cameratraprep_camera-name": {
                "title": "Camera Name",
                "type": "string"
            },
            "cameratraprep_camera-version": {
                "title": "Camera Version",
                "type": "string"
            },
            "detected": {
                "title": "Detected",
                "type": "string"
            }
        },
        "title": "Camera Trap Event Schema",
        "type": "object"
    }
}
