﻿{
    "definition": [
        {
            "htmlClass": "col-lg-6",
            "key": "carcassrep_species"
        },
        {
            "htmlClass": "col-lg-6",
            "key": "carcassrep_sex"
        },
        {
            "htmlClass": "col-lg-6",
            "key": "carcassrep_ageofanimal"
        },
        {
            "htmlClass": "col-lg-6",
            "key": "carcassrep_ageofcarcass"
        },
        {
            "htmlClass": "col-lg-6",
            "key": "carcassrep_trophystatus"
        },
        {
            "htmlClass": "col-lg-6",
            "key": "carcassrep_causeofdeath"
        }
    ],
    "schema": {
        "$schema": "http://json-schema.org/draft-04/schema#",
        "icon_id": "carcass_rep",
        "id": "https://sandbox.pamdas.org/api/v1.0/activity/events/schema/eventtype/carcass_rep",
        "image_url": "https://sandbox.pamdas.org/static/carcass-black.svg",
        "properties": {
            "carcassrep_ageofanimal": {
                "enum": [
                    "adult",
                    "subadult",
                    "juvenile",
                    "unknown"
                ],
                "enumNames": {
                    "adult": "Adult",
                    "juvenile": "Juvenile",
                    "subadult": "Sub-adult",
                    "unknown": "Unknown"
                },
                "title": "Age of Animal",
                "type": "string"
            },
            "carcassrep_ageofcarcass": {
                "enum": [
                    "less_than_a_day",
                    "within_a_week",
                    "within_a_month",
                    "more_than_a_month",
                    "morethan3months"
                ],
                "enumNames": {
                    "less_than_a_day": "1 Day or less",
                    "more_than_a_month": "<3 Months",
                    "morethan3months": "More than 3 months",
                    "within_a_month": "<1 Month",
                    "within_a_week": "Fresh (within a week)"
                },
                "title": "Age of Carcass",
                "type": "string"
            },
            "carcassrep_causeofdeath": {
                "enum": [
                    "naturaldisease",
                    "naturalfightinjury",
                    "naturaloldage",
                    "naturalpredation",
                    "naturalother",
                    "unnaturalshot",
                    "unnaturalsnare",
                    "unnaturalpoisoned",
                    "unnaturalother"
                ],
                "enumNames": {
                    "naturaldisease": "Natural - Disease",
                    "naturalfightinjury": "Natural - Fight Injury",
                    "naturaloldage": "Natural - Old Age",
                    "naturalother": "Natural - Other",
                    "naturalpredation": "Natural - Predation",
                    "unnaturalother": "Unnatural - Other",
                    "unnaturalpoisoned": "Unnatural - Poisoned",
                    "unnaturalshot": "Unnatural - Shot",
                    "unnaturalsnare": "Unnatural - Snare"
                },
                "title": "Cause of Death",
                "type": "string"
            },
            "carcassrep_sex": {
                "enum": [
                    "male",
                    "female",
                    "unknown"
                ],
                "enumNames": {
                    "female": "Female",
                    "male": "Male",
                    "unknown": "Unknown"
                },
                "title": "Sex of Animal",
                "type": "string"
            },
            "carcassrep_species": {
                "enum": [
                    "bongo",
                    "buffalo",
                    "cheetah",
                    "chimpanzee",
                    "crocodile",
                    "eland",
                    "elephant",
                    "giraffe",
                    "gorilla",
                    "hippo",
                    "hyena",
                    "kob",
                    "kudu",
                    "lechwe",
                    "leopard",
                    "lion",
                    "redriverhog",
                    "rhino",
                    "sable",
                    "shoebill",
                    "topi",
                    "tsessebe",
                    "warthog",
                    "waterbuck",
                    "wildebeest",
                    "wilddog",
                    "zebra",
                    "other"
                ],
                "enumNames": {
                    "bongo": "Bongo",
                    "buffalo": "Buffalo",
                    "cheetah": "Cheetah",
                    "chimpanzee": "Chimpanzee",
                    "crocodile": "Crocodile",
                    "eland": "Eland",
                    "elephant": "Elephant",
                    "giraffe": "Giraffe",
                    "gorilla": "Gorilla",
                    "hippo": "Hippo",
                    "hyena": "Hyena",
                    "kob": "Kob",
                    "kudu": "Kudu",
                    "lechwe": "Lechwe",
                    "leopard": "Leopard",
                    "lion": "Lion",
                    "other": "Other",
                    "redriverhog": "Red River Hog",
                    "rhino": "Rhino",
                    "sable": "Sable",
                    "shoebill": "Shoebill",
                    "topi": "Topi",
                    "tsessebe": "Tsessebe",
                    "warthog": "Warthog",
                    "waterbuck": "Waterbuck",
                    "wilddog": "Wild Dog",
                    "wildebeest": "Wildebeest",
                    "zebra": "Zebra"
                },
                "title": "Species",
                "type": "string"
            },
            "carcassrep_trophystatus": {
                "enum": [
                    "intact",
                    "removed",
                    "naturallymissing"
                ],
                "enumNames": {
                    "intact": "Intact",
                    "naturallymissing": "Naturally Missing",
                    "removed": "Removed"
                },
                "title": "Trophy Status",
                "type": "string"
            }
        },
        "title": "Carcass Report (carcass_rep)",
        "type": "object"
    }
}
