﻿{
    "definition": [
        {
            "htmlClass": "col-lg-6",
            "key": "confiscationrep_itemsconfiscated"
        },
        {
            "htmlClass": "col-lg-6",
            "key": "confiscationrep_numberofitems"
        },
        {
            "htmlClass": "col-lg-6",
            "key": "confiscationrep_weightofitems"
        },
        {
            "htmlClass": "col-lg-6",
            "key": "confiscationrep_details",
            "type": "textarea"
        }
    ],
    "schema": {
        "$schema": "http://json-schema.org/draft-04/schema#",
        "icon_id": "confiscation_rep",
        "id": "https://sandbox.pamdas.org/api/v1.0/activity/events/schema/eventtype/confiscation_rep",
        "image_url": "https://sandbox.pamdas.org/static/sprite-src/confiscation_rep.svg",
        "properties": {
            "confiscationrep_details": {
                "title": "Details",
                "type": "string"
            },
            "confiscationrep_itemsconfiscated": {
                "enum": [
                    "trophies",
                    "weapons",
                    "bushmeat",
                    "other"
                ],
                "enumNames": {
                    "bushmeat": "Bush Beat",
                    "other": "Other",
                    "trophies": "Trophies",
                    "weapons": "Weapons"
                },
                "title": "Items Confiscated",
                "type": "string"
            },
            "confiscationrep_numberofitems": {
                "minimum": 0,
                "title": "Number of Items",
                "type": "number"
            },
            "confiscationrep_weightofitems": {
                "title": "Weight of Items (if appropriate)",
                "type": "number"
            }
        },
        "title": "Confiscation Report (confiscation_rep)",
        "type": "object"
    }
}
