﻿{
    "definition": [
        {
            "htmlClass": "col-lg-6",
            "key": "contactrep_poachinggroupsize"
        },
        {
            "htmlClass": "col-lg-6",
            "key": "contactrep_whoinitiatedcontact"
        },
        {
            "htmlClass": "col-lg-6",
            "key": "contactrep_patrolactivity"
        },
        {
            "htmlClass": "col-lg-6",
            "key": "contactrep_rangerresponse"
        },
        {
            "htmlClass": "col-lg-6",
            "key": "contactrep_rangercasualties"
        },
        {
            "htmlClass": "col-lg-6",
            "key": "contactrep_oppositioncasualties"
        },
        {
            "htmlClass": "col-lg-6",
            "key": "contactrep_arrests"
        },
        {
            "htmlClass": "col-lg-6",
            "key": "contactrep_seizedweapons"
        },
        {
            "htmlClass": "col-lg-6",
            "key": "contactrep_ammunitionusedbypatrol"
        }
    ],
    "schema": {
        "$schema": "http://json-schema.org/draft-04/schema#",
        "icon_id": "contact_rep",
        "id": "https://sandbox.pamdas.org/api/v1.0/activity/events/schema/eventtype/contact_rep",
        "image_url": "https://sandbox.pamdas.org/static/contact-black.svg",
        "properties": {
            "contactrep_ammunitionusedbypatrol": {
                "title": "Ammunition used by patrol",
                "type": "number"
            },
            "contactrep_arrests": {
                "title": "Arrests",
                "type": "number"
            },
            "contactrep_oppositioncasualties": {
                "title": "Opposition Casualties",
                "type": "number"
            },
            "contactrep_patrolactivity": {
                "enum": [
                    "aware",
                    "unaware",
                    "ambushed",
                    "patrolling",
                    "incamp",
                    "other"
                ],
                "enumNames": {
                    "ambushed": "Ambushed",
                    "aware": "Aware",
                    "incamp": "In Camp",
                    "other": "Other",
                    "patrolling": "Patrolling",
                    "unaware": "Unaware"
                },
                "title": "What happened? Patrol activity",
                "type": "string"
            },
            "contactrep_poachinggroupsize": {
                "minimum": 0,
                "title": "Size of the Poaching Group",
                "type": "number"
            },
            "contactrep_rangercasualties": {
                "title": "Ranger Casualties",
                "type": "number"
            },
            "contactrep_rangerresponse": {
                "title": "What is the response?",
                "type": "string"
            },
            "contactrep_seizedweapons": {
                "title": "Seized weapons, equipment, evidence, etc.",
                "type": "string"
            },
            "contactrep_whoinitiatedcontact": {
                "enum": [
                    "ranger",
                    "poacher"
                ],
                "enumNames": {
                    "poacher": "Poacher",
                    "ranger": "Ranger"
                },
                "title": "Who initiated contact",
                "type": "string"
            }
        },
        "title": "Contact Report (contact_rep)",
        "type": "object"
    }
}
