﻿{
    "definition": [
        "subscription_name",
        "alert_link",
        "confidence",
        "num_clustered_alerts"
    ],
    "schema": {
        "$schema": "http://json-schema.org/draft-04/schema#",
        "icon_id": "deforestation_rep",
        "id": "https://sandbox.pamdas.org/api/v1.0/activity/events/schema/eventtype/deforestation_rep",
        "image_url": "https://sandbox.pamdas.org/static/sprite-src/deforestation_rep.svg",
        "properties": {
            "alert_link": {
                "format": "uri",
                "title": "URL of the map for this alert",
                "type": "string"
            },
            "confidence": {
                "title": "Confidence level of alert",
                "type": "number"
            },
            "num_clustered_alerts": {
                "title": "Number of clustered alerts",
                "type": "number"
            },
            "subscription_name": {
                "title": "Name of subscription with Global Forest Watch",
                "type": "string"
            }
        },
        "title": "Event Type Global Forest Watch Tree Loss Alert",
        "type": "object"
    }
}
