﻿[
    {
        "category": {
            "display": "Security",
            "flag": "user",
            "id": "007a45d3-2aba-4ed1-b3fc-e09fc0ad41f8",
            "is_active": true,
            "ordernum": 1,
            "permissions": [
                "create",
                "update",
                "read",
                "delete"
            ],
            "value": "security"
        },
        "default_priority": 0,
        "display": "Accident",
        "icon": null,
        "icon_id": "accident_rep",
        "id": "6c90e5f5-ae8e-4e7f-a8dd-26e5d2909a74",
        "is_active": true,
        "is_collection": false,
        "ordernum": 10,
        "url": "https://sandbox.pamdas.org/api/v1.0/activity/events/eventtypes/6c90e5f5-ae8e-4e7f-a8dd-26e5d2909a74",
        "value": "accident_rep"
    },
    {
        "category": {
            "display": "Logistics",
            "flag": "user",
            "id": "2f7ecd77-43db-4687-adba-58fcd42fac14",
            "is_active": true,
            "ordernum": 30,
            "permissions": [
                "create",
                "update",
                "read",
                "delete"
            ],
            "value": "logistics"
        },
        "default_priority": 0,
        "display": "All Posts",
        "icon": null,
        "icon_id": "all_posts",
        "id": "984531ca-3e69-4b6a-876c-e293b81dbc75",
        "is_active": true,
        "is_collection": false,
        "ordernum": 10,
        "url": "https://sandbox.pamdas.org/api/v1.0/activity/events/eventtypes/984531ca-3e69-4b6a-876c-e293b81dbc75",
        "value": "all_posts"
    },
    {
        "category": {
            "display": "Monitoring",
            "flag": "user",
            "id": "e31f75e3-d86d-4e20-b397-5bb9fe46c5cf",
            "is_active": true,
            "ordernum": 20,
            "permissions": [
                "create",
                "update",
                "read",
                "delete"
            ],
            "value": "monitoring"
        },
        "default_priority": 0,
        "display": "Fire",
        "icon": null,
        "icon_id": "fire_rep",
        "id": "74941f0d-4b89-48be-a62a-a74c78db8383",
        "is_active": true,
        "is_collection": false,
        "ordernum": 10,
        "url": "https://sandbox.pamdas.org/api/v1.0/activity/events/eventtypes/74941f0d-4b89-48be-a62a-a74c78db8383",
        "value": "fire_rep"
    },
    {
        "category": {
            "display": "Monitoring",
            "flag": "user",
            "id": "e31f75e3-d86d-4e20-b397-5bb9fe46c5cf",
            "is_active": true,
            "ordernum": 20,
            "permissions": [
                "create",
                "update",
                "read",
                "delete"
            ],
            "value": "monitoring"
        },
        "default_priority": 0,
        "display": "Human Wildlife Contact",
        "icon": null,
        "icon_id": "hwc_rep",
        "id": "be060c4f-c8c8-4ba3-9df9-01335ab60980",
        "is_active": true,
        "is_collection": false,
        "ordernum": 20,
        "url": "https://sandbox.pamdas.org/api/v1.0/activity/events/eventtypes/be060c4f-c8c8-4ba3-9df9-01335ab60980",
        "value": "hwc_rep"
    },
    {
        "category": {
            "display": "Logistics",
            "flag": "user",
            "id": "2f7ecd77-43db-4687-adba-58fcd42fac14",
            "is_active": true,
            "ordernum": 30,
            "permissions": [
                "create",
                "update",
                "read",
                "delete"
            ],
            "value": "logistics"
        },
        "default_priority": 0,
        "display": "Fence",
        "icon": null,
        "icon_id": "fence_rep",
        "id": "009793a4-e233-42fc-b068-b3245e93935e",
        "is_active": true,
        "is_collection": false,
        "ordernum": 20,
        "url": "https://sandbox.pamdas.org/api/v1.0/activity/events/eventtypes/009793a4-e233-42fc-b068-b3245e93935e",
        "value": "fence_rep"
    },
    {
        "category": {
            "display": "Logistics",
            "flag": "user",
            "id": "2f7ecd77-43db-4687-adba-58fcd42fac14",
            "is_active": true,
            "ordernum": 30,
            "permissions": [
                "create",
                "update",
                "read",
                "delete"
            ],
            "value": "logistics"
        },
        "default_priority": 0,
        "display": "Radio Report",
        "icon": null,
        "icon_id": "radio_rep",
        "id": "ab97075f-f5c7-4322-84a2-e04e433d5da9",
        "is_active": true,
        "is_collection": false,
        "ordernum": 30,
        "url": "https://sandbox.pamdas.org/api/v1.0/activity/events/eventtypes/ab97075f-f5c7-4322-84a2-e04e433d5da9",
        "value": "radio_rep"
    },
    {
        "category": {
            "display": "Security",
            "flag": "user",
            "id": "007a45d3-2aba-4ed1-b3fc-e09fc0ad41f8",
            "is_active": true,
            "ordernum": 1,
            "permissions": [
                "create",
                "update",
                "read",
                "delete"
            ],
            "value": "security"
        },
        "default_priority": 0,
        "display": "Animal Control",
        "icon": null,
        "icon_id": "animal_control_rep",
        "id": "57914f8f-fb76-4997-a94d-d1f0a99cba07",
        "is_active": true,
        "is_collection": false,
        "ordernum": 30,
        "url": "https://sandbox.pamdas.org/api/v1.0/activity/events/eventtypes/57914f8f-fb76-4997-a94d-d1f0a99cba07",
        "value": "animal_control_rep"
    },
    {
        "category": {
            "display": "Monitoring",
            "flag": "user",
            "id": "e31f75e3-d86d-4e20-b397-5bb9fe46c5cf",
            "is_active": true,
            "ordernum": 20,
            "permissions": [
                "create",
                "update",
                "read",
                "delete"
            ],
            "value": "monitoring"
        },
        "default_priority": 0,
        "display": "Injured Animal",
        "icon": null,
        "icon_id": "injured_animal_rep",
        "id": "b4ecee53-4b37-49b2-8ddc-b85a7d76e50c",
        "is_active": true,
        "is_collection": false,
        "ordernum": 30,
        "url": "https://sandbox.pamdas.org/api/v1.0/activity/events/eventtypes/b4ecee53-4b37-49b2-8ddc-b85a7d76e50c",
        "value": "injured_animal_rep"
    },
    {
        "category": {
            "display": "Security",
            "flag": "user",
            "id": "007a45d3-2aba-4ed1-b3fc-e09fc0ad41f8",
            "is_active": true,
            "ordernum": 1,
            "permissions": [
                "create",
                "update",
                "read",
                "delete"
            ],
            "value": "security"
        },
        "default_priority": 0,
        "display": "Arrest",
        "icon": null,
        "icon_id": "arrest_rep",
        "id": "2adf7302-ecef-42af-9f7c-45992ce52dd0",
        "is_active": true,
        "is_collection": false,
        "ordernum": 40,
        "url": "https://sandbox.pamdas.org/api/v1.0/activity/events/eventtypes/2adf7302-ecef-42af-9f7c-45992ce52dd0",
        "value": "arrest_rep"
    },
    {
        "category": {
            "display": "Monitoring",
            "flag": "user",
            "id": "e31f75e3-d86d-4e20-b397-5bb9fe46c5cf",
            "is_active": true,
            "ordernum": 20,
            "permissions": [
                "create",
                "update",
                "read",
                "delete"
            ],
            "value": "monitoring"
        },
        "default_priority": 0,
        "display": "Invasive Species",
        "icon": "",
        "icon_id": "invasive_species_rep",
        "id": "cb2d66c0-7e17-4bc5-af17-d8cc3c454c2a",
        "is_active": true,
        "is_collection": false,
        "ordernum": 40,
        "url": "https://sandbox.pamdas.org/api/v1.0/activity/events/eventtypes/cb2d66c0-7e17-4bc5-af17-d8cc3c454c2a",
        "value": "invasive_species_rep"
    },
    {
        "category": {
            "display": "Monitoring",
            "flag": "user",
            "id": "e31f75e3-d86d-4e20-b397-5bb9fe46c5cf",
            "is_active": true,
            "ordernum": 20,
            "permissions": [
                "create",
                "update",
                "read",
                "delete"
            ],
            "value": "monitoring"
        },
        "default_priority": 0,
        "display": "Rainfall",
        "icon": null,
        "icon_id": "rainfall_rep",
        "id": "d17b0bd4-3866-41fe-b335-7100451d8e97",
        "is_active": true,
        "is_collection": false,
        "ordernum": 50,
        "url": "https://sandbox.pamdas.org/api/v1.0/activity/events/eventtypes/d17b0bd4-3866-41fe-b335-7100451d8e97",
        "value": "rainfall_rep"
    },
    {
        "category": {
            "display": "Security",
            "flag": "user",
            "id": "007a45d3-2aba-4ed1-b3fc-e09fc0ad41f8",
            "is_active": true,
            "ordernum": 1,
            "permissions": [
                "create",
                "update",
                "read",
                "delete"
            ],
            "value": "security"
        },
        "default_priority": 0,
        "display": "Carcass",
        "icon": null,
        "icon_id": "carcass_rep",
        "id": "b0d66402-34cb-4e9a-9715-2ac4eeebb574",
        "is_active": true,
        "is_collection": false,
        "ordernum": 50,
        "url": "https://sandbox.pamdas.org/api/v1.0/activity/events/eventtypes/b0d66402-34cb-4e9a-9715-2ac4eeebb574",
        "value": "carcass_rep"
    },
    {
        "category": {
            "display": "Monitoring",
            "flag": "user",
            "id": "e31f75e3-d86d-4e20-b397-5bb9fe46c5cf",
            "is_active": true,
            "ordernum": 20,
            "permissions": [
                "create",
                "update",
                "read",
                "delete"
            ],
            "value": "monitoring"
        },
        "default_priority": 0,
        "display": "Rhino Sighting",
        "icon": null,
        "icon_id": "rhino_sighting_rep",
        "id": "125eabe7-85b3-4d82-a915-66fad942a33d",
        "is_active": true,
        "is_collection": false,
        "ordernum": 60,
        "url": "https://sandbox.pamdas.org/api/v1.0/activity/events/eventtypes/125eabe7-85b3-4d82-a915-66fad942a33d",
        "value": "rhino_sighting_rep"
    },
    {
        "category": {
            "display": "Security",
            "flag": "user",
            "id": "007a45d3-2aba-4ed1-b3fc-e09fc0ad41f8",
            "is_active": true,
            "ordernum": 1,
            "permissions": [
                "create",
                "update",
                "read",
                "delete"
            ],
            "value": "security"
        },
        "default_priority": 0,
        "display": "Confiscation",
        "icon": null,
        "icon_id": "confiscation_rep",
        "id": "bdfffdc5-0195-4c0a-9e42-bced05f4e0c4",
        "is_active": true,
        "is_collection": false,
        "ordernum": 60,
        "url": "https://sandbox.pamdas.org/api/v1.0/activity/events/eventtypes/bdfffdc5-0195-4c0a-9e42-bced05f4e0c4",
        "value": "confiscation_rep"
    },
    {
        "category": {
            "display": "Security",
            "flag": "user",
            "id": "007a45d3-2aba-4ed1-b3fc-e09fc0ad41f8",
            "is_active": true,
            "ordernum": 1,
            "permissions": [
                "create",
                "update",
                "read",
                "delete"
            ],
            "value": "security"
        },
        "default_priority": 0,
        "display": "Incident Collection",
        "icon": null,
        "icon_id": "incident_collection",
        "id": "6408afcf-c3b6-4f4b-a440-2d87d87f8424",
        "is_active": true,
        "is_collection": true,
        "ordernum": 70,
        "url": "https://sandbox.pamdas.org/api/v1.0/activity/events/eventtypes/6408afcf-c3b6-4f4b-a440-2d87d87f8424",
        "value": "incident_collection"
    },
    {
        "category": {
            "display": "Monitoring",
            "flag": "user",
            "id": "e31f75e3-d86d-4e20-b397-5bb9fe46c5cf",
            "is_active": true,
            "ordernum": 20,
            "permissions": [
                "create",
                "update",
                "read",
                "delete"
            ],
            "value": "monitoring"
        },
        "default_priority": 0,
        "display": "Wildlife Sighting",
        "icon": "wildlife_sighting_rep_SMART",
        "icon_id": "wildlife_sighting_rep_SMART",
        "id": "1f20b27c-95f2-42f3-bacc-94642399dc46",
        "is_active": true,
        "is_collection": false,
        "ordernum": 70,
        "url": "https://sandbox.pamdas.org/api/v1.0/activity/events/eventtypes/1f20b27c-95f2-42f3-bacc-94642399dc46",
        "value": "wildlife_sighting_rep"
    },
    {
        "category": {
            "display": "Security",
            "flag": "user",
            "id": "007a45d3-2aba-4ed1-b3fc-e09fc0ad41f8",
            "is_active": true,
            "ordernum": 1,
            "permissions": [
                "create",
                "update",
                "read",
                "delete"
            ],
            "value": "security"
        },
        "default_priority": 0,
        "display": "Light",
        "icon": null,
        "icon_id": "light_rep",
        "id": "97a18051-6fd9-4ff1-ab98-1ff1e8c17a86",
        "is_active": true,
        "is_collection": false,
        "ordernum": 80,
        "url": "https://sandbox.pamdas.org/api/v1.0/activity/events/eventtypes/97a18051-6fd9-4ff1-ab98-1ff1e8c17a86",
        "value": "light_rep"
    },
    {
        "category": {
            "display": "Security",
            "flag": "user",
            "id": "007a45d3-2aba-4ed1-b3fc-e09fc0ad41f8",
            "is_active": true,
            "ordernum": 1,
            "permissions": [
                "create",
                "update",
                "read",
                "delete"
            ],
            "value": "security"
        },
        "default_priority": 0,
        "display": "MedEvac",
        "icon": null,
        "icon_id": "medevac_rep",
        "id": "55537836-0f99-4bfd-8c0b-be7f20a8c887",
        "is_active": true,
        "is_collection": false,
        "ordernum": 90,
        "url": "https://sandbox.pamdas.org/api/v1.0/activity/events/eventtypes/55537836-0f99-4bfd-8c0b-be7f20a8c887",
        "value": "medevac_rep"
    },
    {
        "category": {
            "display": "Security",
            "flag": "user",
            "id": "007a45d3-2aba-4ed1-b3fc-e09fc0ad41f8",
            "is_active": true,
            "ordernum": 1,
            "permissions": [
                "create",
                "update",
                "read",
                "delete"
            ],
            "value": "security"
        },
        "default_priority": 0,
        "display": "MIST",
        "icon": null,
        "icon_id": "mist_rep",
        "id": "6bf94758-c189-4fb8-96c5-6d6ad67dd8dd",
        "is_active": true,
        "is_collection": false,
        "ordernum": 100,
        "url": "https://sandbox.pamdas.org/api/v1.0/activity/events/eventtypes/6bf94758-c189-4fb8-96c5-6d6ad67dd8dd",
        "value": "mist_rep"
    },
    {
        "category": {
            "display": "Security",
            "flag": "user",
            "id": "007a45d3-2aba-4ed1-b3fc-e09fc0ad41f8",
            "is_active": true,
            "ordernum": 1,
            "permissions": [
                "create",
                "update",
                "read",
                "delete"
            ],
            "value": "security"
        },
        "default_priority": 0,
        "display": "Poacher Contact",
        "icon": null,
        "icon_id": "contact_rep",
        "id": "0a91ff26-238f-4e21-a5f6-96da52eaab80",
        "is_active": true,
        "is_collection": false,
        "ordernum": 110,
        "url": "https://sandbox.pamdas.org/api/v1.0/activity/events/eventtypes/0a91ff26-238f-4e21-a5f6-96da52eaab80",
        "value": "contact_rep"
    },
    {
        "category": {
            "display": "Security",
            "flag": "user",
            "id": "007a45d3-2aba-4ed1-b3fc-e09fc0ad41f8",
            "is_active": true,
            "ordernum": 1,
            "permissions": [
                "create",
                "update",
                "read",
                "delete"
            ],
            "value": "security"
        },
        "default_priority": 0,
        "display": "Poachers Camp",
        "icon": null,
        "icon_id": "poacher_camp_rep",
        "id": "b923ccf7-c0c4-4967-8a54-c17d27c00b80",
        "is_active": true,
        "is_collection": false,
        "ordernum": 120,
        "url": "https://sandbox.pamdas.org/api/v1.0/activity/events/eventtypes/b923ccf7-c0c4-4967-8a54-c17d27c00b80",
        "value": "poacher_camp_rep"
    },
    {
        "category": {
            "display": "Security",
            "flag": "user",
            "id": "007a45d3-2aba-4ed1-b3fc-e09fc0ad41f8",
            "is_active": true,
            "ordernum": 1,
            "permissions": [
                "create",
                "update",
                "read",
                "delete"
            ],
            "value": "security"
        },
        "default_priority": 0,
        "display": "Ranger Shot",
        "icon": null,
        "icon_id": "ranger_shot_rep",
        "id": "e8738d5f-9fbb-4601-bce5-59d52ca6174f",
        "is_active": true,
        "is_collection": false,
        "ordernum": 130,
        "url": "https://sandbox.pamdas.org/api/v1.0/activity/events/eventtypes/e8738d5f-9fbb-4601-bce5-59d52ca6174f",
        "value": "ranger_shot_rep"
    },
    {
        "category": {
            "display": "Security",
            "flag": "user",
            "id": "007a45d3-2aba-4ed1-b3fc-e09fc0ad41f8",
            "is_active": true,
            "ordernum": 1,
            "permissions": [
                "create",
                "update",
                "read",
                "delete"
            ],
            "value": "security"
        },
        "default_priority": 0,
        "display": "Shot",
        "icon": null,
        "icon_id": "shot_rep",
        "id": "f804e01e-006d-41d0-aa7d-fe6e798e4852",
        "is_active": true,
        "is_collection": false,
        "ordernum": 140,
        "url": "https://sandbox.pamdas.org/api/v1.0/activity/events/eventtypes/f804e01e-006d-41d0-aa7d-fe6e798e4852",
        "value": "shot_rep"
    },
    {
        "category": {
            "display": "Security",
            "flag": "user",
            "id": "007a45d3-2aba-4ed1-b3fc-e09fc0ad41f8",
            "is_active": true,
            "ordernum": 1,
            "permissions": [
                "create",
                "update",
                "read",
                "delete"
            ],
            "value": "security"
        },
        "default_priority": 0,
        "display": "SIT-REP",
        "icon": null,
        "icon_id": "sit_rep",
        "id": "06fe0a93-b34c-47f3-ad4b-b4818eb91d2a",
        "is_active": true,
        "is_collection": false,
        "ordernum": 150,
        "url": "https://sandbox.pamdas.org/api/v1.0/activity/events/eventtypes/06fe0a93-b34c-47f3-ad4b-b4818eb91d2a",
        "value": "sit_rep"
    },
    {
        "category": {
            "display": "Security",
            "flag": "user",
            "id": "007a45d3-2aba-4ed1-b3fc-e09fc0ad41f8",
            "is_active": true,
            "ordernum": 1,
            "permissions": [
                "create",
                "update",
                "read",
                "delete"
            ],
            "value": "security"
        },
        "default_priority": 0,
        "display": "Snare",
        "icon": null,
        "icon_id": "snare_rep",
        "id": "8e2812d8-4ac9-4874-b1b2-1adc5ea192b5",
        "is_active": true,
        "is_collection": false,
        "ordernum": 160,
        "url": "https://sandbox.pamdas.org/api/v1.0/activity/events/eventtypes/8e2812d8-4ac9-4874-b1b2-1adc5ea192b5",
        "value": "snare_rep"
    },
    {
        "category": {
            "display": "Security",
            "flag": "user",
            "id": "007a45d3-2aba-4ed1-b3fc-e09fc0ad41f8",
            "is_active": true,
            "ordernum": 1,
            "permissions": [
                "create",
                "update",
                "read",
                "delete"
            ],
            "value": "security"
        },
        "default_priority": 0,
        "display": "Spoor",
        "icon": null,
        "icon_id": "spoor_rep",
        "id": "58bde7d9-4a5c-43bf-a5c7-06803a3aaec8",
        "is_active": true,
        "is_collection": false,
        "ordernum": 170,
        "url": "https://sandbox.pamdas.org/api/v1.0/activity/events/eventtypes/58bde7d9-4a5c-43bf-a5c7-06803a3aaec8",
        "value": "spoor_rep"
    },
    {
        "category": {
            "display": "Security",
            "flag": "user",
            "id": "007a45d3-2aba-4ed1-b3fc-e09fc0ad41f8",
            "is_active": true,
            "ordernum": 1,
            "permissions": [
                "create",
                "update",
                "read",
                "delete"
            ],
            "value": "security"
        },
        "default_priority": 0,
        "display": "Suspicious Activity",
        "icon": null,
        "icon_id": "activity_rep",
        "id": "5b7bc8f2-5e08-4d26-a55a-b35ded392fa0",
        "is_active": true,
        "is_collection": false,
        "ordernum": 175,
        "url": "https://sandbox.pamdas.org/api/v1.0/activity/events/eventtypes/5b7bc8f2-5e08-4d26-a55a-b35ded392fa0",
        "value": "activity_rep"
    },
    {
        "category": {
            "display": "Security",
            "flag": "user",
            "id": "007a45d3-2aba-4ed1-b3fc-e09fc0ad41f8",
            "is_active": true,
            "ordernum": 1,
            "permissions": [
                "create",
                "update",
                "read",
                "delete"
            ],
            "value": "security"
        },
        "default_priority": 0,
        "display": "Traffic",
        "icon": null,
        "icon_id": "traffic_rep",
        "id": "17cf470e-d708-439c-983e-a7fe06c45ab1",
        "is_active": true,
        "is_collection": false,
        "ordernum": 180,
        "url": "https://sandbox.pamdas.org/api/v1.0/activity/events/eventtypes/17cf470e-d708-439c-983e-a7fe06c45ab1",
        "value": "traffic_rep"
    },
    {
        "category": {
            "display": "Analyzer Event",
            "flag": "system",
            "id": "ef230385-5afc-40d1-ad07-c811f6da2b3c",
            "is_active": true,
            "ordernum": 1,
            "permissions": [
                "create",
                "update",
                "read",
                "delete"
            ],
            "value": "analyzer_event"
        },
        "default_priority": 0,
        "display": "Immobility",
        "icon": null,
        "icon_id": "immobility",
        "id": "c419acac-874d-422e-8b7b-54470afe56c5",
        "is_active": true,
        "is_collection": false,
        "ordernum": 300,
        "url": "https://sandbox.pamdas.org/api/v1.0/activity/events/eventtypes/c419acac-874d-422e-8b7b-54470afe56c5",
        "value": "immobility"
    },
    {
        "category": {
            "display": "Analyzer Event",
            "flag": "system",
            "id": "ef230385-5afc-40d1-ad07-c811f6da2b3c",
            "is_active": true,
            "ordernum": 1,
            "permissions": [
                "create",
                "update",
                "read",
                "delete"
            ],
            "value": "analyzer_event"
        },
        "default_priority": 0,
        "display": "Immobility All Clear",
        "icon": null,
        "icon_id": "immobility_all_clear",
        "id": "8bf325e7-2880-447a-b2d8-156c66bc5708",
        "is_active": true,
        "is_collection": false,
        "ordernum": 301,
        "url": "https://sandbox.pamdas.org/api/v1.0/activity/events/eventtypes/8bf325e7-2880-447a-b2d8-156c66bc5708",
        "value": "immobility_all_clear"
    },
    {
        "category": {
            "display": "Analyzer Event",
            "flag": "system",
            "id": "ef230385-5afc-40d1-ad07-c811f6da2b3c",
            "is_active": true,
            "ordernum": 1,
            "permissions": [
                "create",
                "update",
                "read",
                "delete"
            ],
            "value": "analyzer_event"
        },
        "default_priority": 0,
        "display": "Low Speed (Wilcoxon)",
        "icon": null,
        "icon_id": "low_speed_wilcoxon",
        "id": "4ca23976-1af4-4887-bd59-673b08a9d505",
        "is_active": true,
        "is_collection": false,
        "ordernum": 410,
        "url": "https://sandbox.pamdas.org/api/v1.0/activity/events/eventtypes/4ca23976-1af4-4887-bd59-673b08a9d505",
        "value": "low_speed_wilcoxon"
    },
    {
        "category": {
            "display": "Analyzer Event",
            "flag": "system",
            "id": "ef230385-5afc-40d1-ad07-c811f6da2b3c",
            "is_active": true,
            "ordernum": 1,
            "permissions": [
                "create",
                "update",
                "read",
                "delete"
            ],
            "value": "analyzer_event"
        },
        "default_priority": 0,
        "display": "Low Speed (Wilcoxon) All Clear",
        "icon": null,
        "icon_id": "low_speed_wilcoxon_all_clear",
        "id": "54be0cc4-f42b-4602-bce5-4316e484b833",
        "is_active": true,
        "is_collection": false,
        "ordernum": 411,
        "url": "https://sandbox.pamdas.org/api/v1.0/activity/events/eventtypes/54be0cc4-f42b-4602-bce5-4316e484b833",
        "value": "low_speed_wilcoxon_all_clear"
    },
    {
        "category": {
            "display": "Analyzer Event",
            "flag": "system",
            "id": "ef230385-5afc-40d1-ad07-c811f6da2b3c",
            "is_active": true,
            "ordernum": 1,
            "permissions": [
                "create",
                "update",
                "read",
                "delete"
            ],
            "value": "analyzer_event"
        },
        "default_priority": 0,
        "display": "Low Speed (Percentile)",
        "icon": null,
        "icon_id": "low_speed_percentile",
        "id": "cd86aa65-d0ba-41a3-a138-afcfbdc8e5f2",
        "is_active": true,
        "is_collection": false,
        "ordernum": 412,
        "url": "https://sandbox.pamdas.org/api/v1.0/activity/events/eventtypes/cd86aa65-d0ba-41a3-a138-afcfbdc8e5f2",
        "value": "low_speed_percentile"
    },
    {
        "category": {
            "display": "Analyzer Event",
            "flag": "system",
            "id": "ef230385-5afc-40d1-ad07-c811f6da2b3c",
            "is_active": true,
            "ordernum": 1,
            "permissions": [
                "create",
                "update",
                "read",
                "delete"
            ],
            "value": "analyzer_event"
        },
        "default_priority": 0,
        "display": "Geofence Break",
        "icon": null,
        "icon_id": "geofence_break",
        "id": "57943092-b817-43cc-a67c-c7704e59f6ea",
        "is_active": true,
        "is_collection": false,
        "ordernum": 420,
        "url": "https://sandbox.pamdas.org/api/v1.0/activity/events/eventtypes/57943092-b817-43cc-a67c-c7704e59f6ea",
        "value": "geofence_break"
    },
    {
        "category": {
            "display": "Analyzer Event",
            "flag": "system",
            "id": "ef230385-5afc-40d1-ad07-c811f6da2b3c",
            "is_active": true,
            "ordernum": 1,
            "permissions": [
                "create",
                "update",
                "read",
                "delete"
            ],
            "value": "analyzer_event"
        },
        "default_priority": 0,
        "display": "Proximity",
        "icon": null,
        "icon_id": "proximity",
        "id": "c96620be-9d3d-416c-86e6-c0daa64a7063",
        "is_active": true,
        "is_collection": false,
        "ordernum": 500,
        "url": "https://sandbox.pamdas.org/api/v1.0/activity/events/eventtypes/c96620be-9d3d-416c-86e6-c0daa64a7063",
        "value": "proximity"
    },
    {
        "category": {
            "display": "Analyzer Event",
            "flag": "system",
            "id": "ef230385-5afc-40d1-ad07-c811f6da2b3c",
            "is_active": true,
            "ordernum": 1,
            "permissions": [
                "create",
                "update",
                "read",
                "delete"
            ],
            "value": "analyzer_event"
        },
        "default_priority": 0,
        "display": "FIRMS Report",
        "icon": null,
        "icon_id": "firms_rep",
        "id": "5bc380cb-6cef-4cdf-b7be-5c8ae1c083bb",
        "is_active": true,
        "is_collection": false,
        "ordernum": 500,
        "url": "https://sandbox.pamdas.org/api/v1.0/activity/events/eventtypes/5bc380cb-6cef-4cdf-b7be-5c8ae1c083bb",
        "value": "firms_rep"
    },
    {
        "category": {
            "display": "Analyzer Event",
            "flag": "system",
            "id": "ef230385-5afc-40d1-ad07-c811f6da2b3c",
            "is_active": true,
            "ordernum": 1,
            "permissions": [
                "create",
                "update",
                "read",
                "delete"
            ],
            "value": "analyzer_event"
        },
        "default_priority": 0,
        "display": "GFW GLAD Alert",
        "icon": null,
        "icon_id": "deforestation_rep",
        "id": "e8aed924-f974-4088-9247-0deba42d4c5a",
        "is_active": true,
        "is_collection": false,
        "ordernum": 500,
        "url": "https://sandbox.pamdas.org/api/v1.0/activity/events/eventtypes/e8aed924-f974-4088-9247-0deba42d4c5a",
        "value": "deforestation_rep"
    },
    {
        "category": {
            "display": "Analyzer Event",
            "flag": "system",
            "id": "ef230385-5afc-40d1-ad07-c811f6da2b3c",
            "is_active": true,
            "ordernum": 1,
            "permissions": [
                "create",
                "update",
                "read",
                "delete"
            ],
            "value": "analyzer_event"
        },
        "default_priority": 200,
        "display": "Acoustic Detection",
        "icon": "acoustic_sensor_rep",
        "icon_id": "acoustic_sensor_rep",
        "id": "2d9c3da9-e4b9-41ea-87e6-480e9744f27b",
        "is_active": true,
        "is_collection": false,
        "ordernum": null,
        "url": "https://sandbox.pamdas.org/api/v1.0/activity/events/eventtypes/2d9c3da9-e4b9-41ea-87e6-480e9744f27b",
        "value": "acoustic_detection"
    },
    {
        "category": {
            "display": "Security",
            "flag": "user",
            "id": "007a45d3-2aba-4ed1-b3fc-e09fc0ad41f8",
            "is_active": true,
            "ordernum": 1,
            "permissions": [
                "create",
                "update",
                "read",
                "delete"
            ],
            "value": "security"
        },
        "default_priority": 0,
        "display": "Camera Trap",
        "icon": null,
        "icon_id": "cameratrap_rep",
        "id": "f0fee29f-685a-4bda-9d93-88a584086187",
        "is_active": true,
        "is_collection": false,
        "ordernum": null,
        "url": "https://sandbox.pamdas.org/api/v1.0/activity/events/eventtypes/f0fee29f-685a-4bda-9d93-88a584086187",
        "value": "cameratrap_rep"
    },
    {
        "category": {
            "display": "Logistics",
            "flag": "user",
            "id": "2f7ecd77-43db-4687-adba-58fcd42fac14",
            "is_active": true,
            "ordernum": 30,
            "permissions": [
                "create",
                "update",
                "read",
                "delete"
            ],
            "value": "logistics"
        },
        "default_priority": 0,
        "display": "Road Damage",
        "icon": "road_status_rep",
        "icon_id": "road_status_rep",
        "id": "02ea71b4-727a-4c03-8851-685ec1860b9c",
        "is_active": true,
        "is_collection": false,
        "ordernum": null,
        "url": "https://sandbox.pamdas.org/api/v1.0/activity/events/eventtypes/02ea71b4-727a-4c03-8851-685ec1860b9c",
        "value": "road_damage"
    }
]
