﻿{
    "definition": [
        {
            "htmlClass": "col-lg-6",
            "key": "fencerep_location"
        },
        {
            "htmlClass": "col-lg-6",
            "key": "fencerep_voltage"
        },
        {
            "htmlClass": "col-lg-6",
            "key": "fencerep_damage"
        },
        {
            "htmlClass": "col-lg-6",
            "key": "fencerep_vegetation"
        }
    ],
    "schema": {
        "$schema": "http://json-schema.org/draft-04/schema#",
        "icon_id": "fence_rep",
        "id": "https://sandbox.pamdas.org/api/v1.0/activity/events/schema/eventtype/fence_rep",
        "image_url": "https://sandbox.pamdas.org/static/sprite-src/fence_rep.svg",
        "properties": {
            "fencerep_damage": {
                "enum": [
                    "animalbreakin",
                    "animalbreakout",
                    "erosion",
                    "fencetheft",
                    "flooding",
                    "human",
                    "natural",
                    "other"
                ],
                "enumNames": {
                    "animalbreakin": "Animal break in",
                    "animalbreakout": "Animal break out",
                    "erosion": "Erosion",
                    "fencetheft": "Fence Theft",
                    "flooding": "Flooding",
                    "human": "Human",
                    "natural": "Natural",
                    "other": "Other"
                },
                "title": "Damage",
                "type": "string"
            },
            "fencerep_location": {
                "enum": [
                ],
                "enumNames": {
                },
                "title": "Section",
                "type": "string"
            },
            "fencerep_vegetation": {
                "enum": [
                    "yes",
                    "no"
                ],
                "enumNames": {
                    "no": "No",
                    "yes": "Yes"
                },
                "title": "Vegetation clearing required",
                "type": "string"
            },
            "fencerep_voltage": {
                "minimum": 0,
                "title": "Voltage",
                "type": "number"
            }
        },
        "title": "Fence Report (fence_rep)",
        "type": "object"
    }
}
