﻿{
    "definition": [
        {
            "htmlClass": "col-lg-6",
            "key": "firerep_status"
        },
        {
            "htmlClass": "col-lg-6",
            "key": "firerep_cause"
        },
        {
            "htmlClass": "col-lg-6",
            "key": "firerep_direction"
        }
    ],
    "schema": {
        "$schema": "http://json-schema.org/draft-04/schema#",
        "icon_id": "fire_rep",
        "id": "https://sandbox.pamdas.org/api/v1.0/activity/events/schema/eventtype/fire_rep",
        "image_url": "https://sandbox.pamdas.org/static/fire-black.svg",
        "properties": {
            "firerep_cause": {
                "enum": [
                    "accident",
                    "arson",
                    "controlburn",
                    "firebreak",
                    "lightning",
                    "other"
                ],
                "enumNames": {
                    "accident": "Accident",
                    "arson": "Arson",
                    "controlburn": "Control Burn",
                    "firebreak": "Fire Break",
                    "lightning": "Lightning",
                    "other": "Other"
                },
                "title": "Cause",
                "type": "string"
            },
            "firerep_direction": {
                "enum": [
                    "north",
                    "northeast",
                    "east",
                    "southeast",
                    "south",
                    "southwest",
                    "west",
                    "northwest"
                ],
                "enumNames": {
                    "east": "East",
                    "north": "North",
                    "northeast": "Northeast",
                    "northwest": "Northwest",
                    "south": "South",
                    "southeast": "Southeast",
                    "southwest": "Southwest",
                    "west": "West"
                },
                "title": "Direction Fire is Moving",
                "type": "string"
            },
            "firerep_status": {
                "enum": [
                    "active",
                    "inactive"
                ],
                "enumNames": {
                    "active": "Active",
                    "inactive": "Inactive"
                },
                "title": "Status",
                "type": "string"
            }
        },
        "title": "Fire Report (fire_rep)",
        "type": "object"
    }
}
