﻿{
    "definition": [
        "confidence",
        "frp",
        "bright_ti4",
        "bright_ti5",
        "scan",
        "track"
    ],
    "schema": {
        "$schema": "http://json-schema.org/draft-04/schema#",
        "icon_id": "firms_rep",
        "id": "https://sandbox.pamdas.org/api/v1.0/activity/events/schema/eventtype/firms_rep",
        "image_url": "https://sandbox.pamdas.org/static/firms_rep-black.svg",
        "properties": {
            "bright_ti4": {
                "title": "VIIRS I-4 channel brightness (Kelvin)",
                "type": "string"
            },
            "bright_ti5": {
                "title": "VIIRS I-5 channel brightness (Kelvin)",
                "type": "string"
            },
            "confidence": {
                "title": "FIRMS Confidence",
                "type": "string"
            },
            "frp": {
                "title": "Fire Radiative Power (MW)",
                "type": "string"
            },
            "scan": {
                "title": "VIIRS Scan",
                "type": "string"
            },
            "track": {
                "title": "Satellite Track",
                "type": "string"
            }
        },
        "title": "FIRMS Fire Report Schema",
        "type": "object"
    }
}
