﻿{
    "schema": {
        "$schema": "http://json-schema.org/draft-04/schema#",
        "definition": [
            "name",
            "details",
            "geofence_name",
            "contain_regions",
            "subject_speed_kmhr",
            "subject_heading",
            "total_fix_count"
        ],
        "icon_id": "geofence_break",
        "id": "https://sandbox.pamdas.org/api/v1.0/activity/events/schema/eventtype/geofence_break",
        "image_url": "https://sandbox.pamdas.org/static/geofence_break-black.svg",
        "properties": {
            "contain_regions": {
                "title": "Current Region",
                "type": "string"
            },
            "details": {
                "title": "Details",
                "type": "string"
            },
            "geofence_name": {
                "title": "Geofence Name",
                "type": "string"
            },
            "name": {
                "title": "Name of subject",
                "type": "string"
            },
            "subject_heading": {
                "title": "Subject Heading",
                "type": "number"
            },
            "subject_speed_kmhr": {
                "title": "Subject Speed",
                "type": "number"
            },
            "total_fix_count": {
                "title": "Total Fix Count",
                "type": "number"
            }
        },
        "title": "EventType Geofencing",
        "type": "object"
    }
}
