﻿{
    "definition": [
        {
            "htmlClass": "col-lg-6",
            "key": "hwcrep_species"
        },
        {
            "htmlClass": "col-lg-6",
            "key": "hwcrep_cropdamaged"
        },
        {
            "htmlClass": "col-lg-6",
            "key": "hwcrep_livestocktypes"
        },
        {
            "htmlClass": "col-lg-6",
            "key": "hwcrep_livestockInjuredKilled"
        },
        {
            "htmlClass": "col-lg-6",
            "key": "hwcrep_humaninjury"
        },
        {
            "htmlClass": "col-lg-6",
            "key": "hwcrep_humandeath"
        },
        {
            "htmlClass": "col-lg-6",
            "key": "hwcrep_propertydamage"
        },
        {
            "htmlClass": "col-lg-6",
            "key": "hwcrep_propertydamagetype"
        }
    ],
    "schema": {
        "$schema": "http://json-schema.org/draft-04/schema#",
        "icon_id": "hwc_rep",
        "id": "https://sandbox.pamdas.org/api/v1.0/activity/events/schema/eventtype/hwc_rep",
        "image_url": "https://sandbox.pamdas.org/static/hwc_rep-black.svg",
        "properties": {
            "hwcrep_cropdamaged": {
                "enum": [
                    "banana",
                    "beans",
                    "cassava",
                    "cotton",
                    "maize",
                    "mango",
                    "peas",
                    "potato",
                    "rice",
                    "sorghum",
                    "tobacco",
                    "other",
                    "none"
                ],
                "enumNames": {
                    "banana": "Banana",
                    "beans": "Beans",
                    "cassava": "Cassava",
                    "cotton": "Cotton",
                    "maize": "Maize",
                    "mango": "Mango",
                    "none": "None",
                    "other": "Other",
                    "peas": "Peas",
                    "potato": "Potato",
                    "rice": "Rice",
                    "sorghum": "Sorghum",
                    "tobacco": "Tobacco"
                },
                "title": "Type of Crop Damage",
                "type": "string"
            },
            "hwcrep_humandeath": {
                "enum": [
                    "yes",
                    "no"
                ],
                "enumNames": {
                    "no": "No",
                    "yes": "Yes"
                },
                "title": "Human Death",
                "type": "string"
            },
            "hwcrep_humaninjury": {
                "enum": [
                    "yes",
                    "no"
                ],
                "enumNames": {
                    "no": "No",
                    "yes": "Yes"
                },
                "title": "Human Injury",
                "type": "string"
            },
            "hwcrep_livestockInjuredKilled": {
                "minimum": 0,
                "title": "Number of livestock injured/killed",
                "type": "number"
            },
            "hwcrep_livestocktypes": {
                "enum": [
                    "chicken",
                    "cow",
                    "dog",
                    "duck",
                    "goat",
                    "pig",
                    "sheep",
                    "other"
                ],
                "enumNames": {
                    "chicken": "Chicken",
                    "cow": "Cow",
                    "dog": "Dog",
                    "duck": "Duck",
                    "goat": "Goat",
                    "other": "Other",
                    "pig": "Pig",
                    "sheep": "Sheep"
                },
                "title": "Type of livestock injured/killed",
                "type": "string"
            },
            "hwcrep_propertydamage": {
                "enum": [
                    "yes",
                    "no"
                ],
                "enumNames": {
                    "no": "No",
                    "yes": "Yes"
                },
                "title": "Property Damage",
                "type": "string"
            },
            "hwcrep_propertydamagetype": {
                "enum": [
                    "fence",
                    "foodstorage",
                    "house",
                    "otherstructure"
                ],
                "enumNames": {
                    "fence": "Fence",
                    "foodstorage": "Food Storage",
                    "house": "House",
                    "otherstructure": "Other Structure"
                },
                "title": "Property Damage",
                "type": "string"
            },
            "hwcrep_species": {
                "enum": [
                    "baboon",
                    "buffalo",
                    "elephant",
                    "hippo",
                    "hyena",
                    "lion",
                    "leopard",
                    "warthog"
                ],
                "enumNames": {
                    "baboon": "Baboon",
                    "buffalo": "Buffalo",
                    "elephant": "Elephant",
                    "hippo": "Hippo",
                    "hyena": "Hyena",
                    "leopard": "Leopard",
                    "lion": "Lion",
                    "warthog": "Warthog"
                },
                "title": "Species",
                "type": "string"
            }
        },
        "title": "Human Wildlife Conflict Report (hwc_rep)",
        "type": "object"
    }
}
