﻿{
    "schema": {
        "$schema": "http://json-schema.org/draft-04/schema#",
        "definition": [
            "name",
            "details",
            "probability_value",
            "total_fix_count",
            "cluster_fix_count",
            "cluster_radius"
        ],
        "icon_id": "immobility_all_clear",
        "id": "https://sandbox.pamdas.org/api/v1.0/activity/events/schema/eventtype/immobility_all_clear",
        "image_url": "https://sandbox.pamdas.org/static/immobility_all_clear-black.svg",
        "properties": {
            "cluster_fix_count": {
                "title": "Cluster Fix Count",
                "type": "number"
            },
            "cluster_radius": {
                "title": "Cluster Search Radius",
                "type": "number"
            },
            "details": {
                "title": "Details",
                "type": "string"
            },
            "name": {
                "title": "Name of animal",
                "type": "string"
            },
            "probability_value": {
                "title": "Probability",
                "type": "number"
            },
            "total_fix_count": {
                "title": "Total Fix Count",
                "type": "number"
            }
        },
        "title": "EventType Immobility",
        "type": "object"
    }
}
