﻿{
    "definition": [
        "conservancy",
        "station",
        {
            "fieldHtmlClass": "date-time-picker json-schema",
            "key": "reportingTime",
            "readonly": false
        }
    ],
    "schema": {
        "$schema": "http://json-schema.org/draft-04/schema#",
        "icon_id": "incident_collection",
        "id": "https://sandbox.pamdas.org/api/v1.0/activity/events/schema/eventtype/incident_collection",
        "image_url": "https://sandbox.pamdas.org/static/incident_collection-black.svg",
        "properties": {
            "conservancy": {
                "enum": [
                    "unknown"
                ],
                "enumNames": {
                    "unknown": "Unknown"
                },
                "title": "Conservancy (Incident Field)",
                "type": "string"
            },
            "reportingTime": {
                "title": "Reporting Time (Incident Field)",
                "type": "string"
            },
            "station": {
                "enum": [
                    "unknown"
                ],
                "enumNames": {
                    "unknown": "Unknown"
                },
                "title": "Reporting Station (Incident Field)",
                "type": "string"
            }
        },
        "title": "Incident Collection",
        "type": "object"
    }
}
