﻿{
    "definition": [
        {
            "htmlClass": "col-lg-6",
            "key": "injuredanimalrep_keyspecies"
        },
        {
            "htmlClass": "col-lg-6",
            "key": "injuredanimalrep_injurycause"
        },
        {
            "htmlClass": "col-lg-6",
            "key": "injuredanimalrep_injurytype"
        },
        {
            "htmlClass": "col-lg-6",
            "key": "injuredanimalrep_actiontaken"
        }
    ],
    "schema": {
        "$schema": "http://json-schema.org/draft-04/schema#",
        "icon_id": "injured_animal_rep",
        "id": "https://sandbox.pamdas.org/api/v1.0/activity/events/schema/eventtype/injured_animal_rep",
        "image_url": "https://sandbox.pamdas.org/static/injured_animal-black.svg",
        "properties": {
            "injuredanimalrep_actiontaken": {
                "enum": [
                    "destroyed",
                    "treated",
                    "none"
                ],
                "enumNames": {
                    "destroyed": "Destroyed",
                    "none": "None",
                    "treated": "Treated"
                },
                "title": "Action Taken",
                "type": "string"
            },
            "injuredanimalrep_injurycause": {
                "enum": [
                    "natural",
                    "human"
                ],
                "enumNames": {
                    "human": "Human",
                    "natural": "Natural"
                },
                "title": "Cause of Injury",
                "type": "string"
            },
            "injuredanimalrep_injurytype": {
                "enum": [
                    "snare",
                    "shot",
                    "natural",
                    "other"
                ],
                "enumNames": {
                    "natural": "Natural",
                    "other": "Other",
                    "shot": "Shot",
                    "snare": "Snare"
                },
                "title": "Type of Injury",
                "type": "string"
            },
            "injuredanimalrep_keyspecies": {
                "enum": [
                    "elephant",
                    "giraffe",
                    "leopard",
                    "lion",
                    "rhino",
                    "other"
                ],
                "enumNames": {
                    "elephant": "Elephant",
                    "giraffe": "Giraffe",
                    "leopard": "Leopard",
                    "lion": "Lion",
                    "other": "Other",
                    "rhino": "Rhino"
                },
                "title": "Species",
                "type": "string"
            }
        },
        "title": "Injured Animal Report (injured_animal_rep)",
        "type": "object"
    }
}
