﻿{
    "definition": [
        {
            "htmlClass": "col-lg-6",
            "key": "invasivespeciesrep_species"
        },
        {
            "htmlClass": "col-lg-6",
            "key": "invasivespeciesrep_density"
        },
        {
            "htmlClass": "col-lg-6",
            "key": "invasivespeciesrep_phenologicalstate"
        },
        {
            "htmlClass": "col-lg-6",
            "key": "invasivespecies_urgency"
        }
    ],
    "schema": {
        "$schema": "http://json-schema.org/draft-04/schema#",
        "icon_id": "invasive_species_rep",
        "id": "https://sandbox.pamdas.org/api/v1.0/activity/events/schema/eventtype/invasive_species_rep",
        "image_url": "https://sandbox.pamdas.org/static/invasive_species-black.svg",
        "properties": {
            "invasivespecies_urgency": {
                "enum": [
                    "high",
                    "medium",
                    "low"
                ],
                "enumNames": {
                    "high": "High",
                    "low": "Low",
                    "medium": "Medium"
                },
                "title": "Urgency",
                "type": "string"
            },
            "invasivespeciesrep_density": {
                "enum": [
                    "singleplant",
                    "2x2smallstand",
                    "5x5mediumstand",
                    "10x10largestand"
                ],
                "enumNames": {
                    "10x10largestand": "10x10 Large Stand",
                    "2x2smallstand": "2x2 Small Stand",
                    "5x5mediumstand": "5x5 Medium Stand",
                    "singleplant": "Single Plant"
                },
                "title": "Density",
                "type": "string"
            },
            "invasivespeciesrep_phenologicalstate": {
                "enum": [
                    "vegetative",
                    "flowering",
                    "seedingfruiting"
                ],
                "enumNames": {
                    "flowering": "Flowering",
                    "seedingfruiting": "Seeding/Fruiting",
                    "vegetative": "Vegetative"
                },
                "title": "Phenological State ",
                "type": "string"
            },
            "invasivespeciesrep_species": {
                "enum": [
                    "cactus",
                    "chromoleana",
                    "eucalyptus",
                    "gum",
                    "lantana",
                    "opuntia",
                    "parthenium",
                    "pistia",
                    "tithonia",
                    "wattle",
                    "other"
                ],
                "enumNames": {
                    "cactus": "Cactus",
                    "chromoleana": "Chromoleana",
                    "eucalyptus": "Eucalyptus",
                    "gum": "Gum",
                    "lantana": "Lantana",
                    "opuntia": "Opuntia",
                    "other": "Other",
                    "parthenium": "Parthenium",
                    "pistia": "Pistia",
                    "tithonia": "Tithonia",
                    "wattle": "Wattle"
                },
                "title": "Species",
                "type": "string"
            }
        },
        "title": "Invasive Species (invasive_species_rep)",
        "type": "object"
    }
}
