﻿{
    "definition": [
        {
            "htmlClass": "col-lg-6",
            "key": "lightrep_whatdetected"
        },
        {
            "htmlClass": "col-lg-6",
            "key": "lightrep_bearing"
        },
        {
            "htmlClass": "col-lg-6",
            "key": "lightrep_distance"
        },
        {
            "htmlClass": "col-lg-6",
            "key": "lightrep_activity"
        },
        {
            "htmlClass": "col-lg-6",
            "key": "lightrep_patrolresponse"
        }
    ],
    "schema": {
        "$schema": "http://json-schema.org/draft-04/schema#",
        "icon_id": "light_rep",
        "id": "https://sandbox.pamdas.org/api/v1.0/activity/events/schema/eventtype/light_rep",
        "image_url": "https://sandbox.pamdas.org/static/sprite-src/light_rep.svg",
        "properties": {
            "lightrep_activity": {
                "title": "Description of activity",
                "type": "string"
            },
            "lightrep_bearing": {
                "maximum": 360,
                "minimum": 0,
                "title": "Bearing (0-360)",
                "type": "number"
            },
            "lightrep_distance": {
                "minimum": 0,
                "title": "Distance (m)",
                "type": "number"
            },
            "lightrep_patrolresponse": {
                "title": "Patrols response/intent",
                "type": "string"
            },
            "lightrep_whatdetected": {
                "enum": [
                    "bushfire",
                    "campfire",
                    "smoke",
                    "torch",
                    "other"
                ],
                "enumNames": {
                    "bushfire": "Bush Fire",
                    "campfire": "Camp Fire",
                    "other": "Other",
                    "smoke": "Smoke",
                    "torch": "Torch/Light"
                },
                "title": "What was detected",
                "type": "string"
            }
        },
        "title": "Light Report (light_rep)",
        "type": "object"
    }
}
