﻿{
    "schema": {
        "$schema": "http://json-schema.org/draft-04/schema#",
        "definition": [
            "name",
            "details",
            "low_speed_probability_cutoff",
            "low_speed_probability",
            "total_fix_count"
        ],
        "icon_id": "low_speed_wilcoxon",
        "id": "https://sandbox.pamdas.org/api/v1.0/activity/events/schema/eventtype/low_speed_wilcoxon",
        "image_url": "https://sandbox.pamdas.org/static/low_speed_wilcoxon-black.svg",
        "properties": {
            "low_speed_probability": {
                "title": "Low Speed Probability Value",
                "type": "number"
            },
            "low_speed_probability_cutoff": {
                "title": "Low Speed Threshold Probability",
                "type": "number"
            },
            "name": {
                "title": "Name of subject",
                "type": "string"
            },
            "total_fix_count": {
                "title": "Total Fix Count",
                "type": "number"
            }
        },
        "title": "EventType Low Speed Wilcox",
        "type": "object"
    }
}
