﻿{
    "schema": {
        "$schema": "http://json-schema.org/draft-04/schema#",
        "definition": [
            "name",
            "details",
            "low_speed_threshold_percentile",
            "low_speed_threshold_value",
            "current_median_speed_value",
            "total_fix_count"
        ],
        "icon_id": "low_speed_percentile",
        "id": "https://sandbox.pamdas.org/api/v1.0/activity/events/schema/eventtype/low_speed_percentile",
        "image_url": "https://sandbox.pamdas.org/static/low_speed_percentile-black.svg",
        "properties": {
            "cur_median_speed": {
                "title": "Current Median Speed",
                "type": "number"
            },
            "details": {
                "title": "Details",
                "type": "string"
            },
            "low_speed_threshold_percentile": {
                "title": "Low Speed Threshold Percentile",
                "type": "number"
            },
            "low_speed_threshold_value": {
                "title": "Low Speed Threshold Value",
                "type": "number"
            },
            "name": {
                "title": "Name of subject",
                "type": "string"
            },
            "total_fix_count": {
                "title": "Total Fix Count",
                "type": "number"
            }
        },
        "title": "EventType Low Speed Percentile",
        "type": "object"
    }
}
