﻿{
    "schema": {
        "$schema": "http://json-schema.org/draft-04/schema#",
        "definition": [
            "name",
            "details",
            "low_speed_threshold_probability",
            "low_speed_probability",
            "total_fix_count"
        ],
        "icon_id": "low_speed_wilcoxon_all_clear",
        "id": "https://sandbox.pamdas.org/api/v1.0/activity/events/schema/eventtype/low_speed_wilcoxon_all_clear",
        "image_url": "https://sandbox.pamdas.org/static/generic-black.svg",
        "properties": {
            "details": {
                "title": "Details",
                "type": "string"
            },
            "low_speed_probability": {
                "title": "Low Speed Threshold Value",
                "type": "number"
            },
            "low_speed_threshold_probability": {
                "title": "Low Speed Threshold Percentile",
                "type": "number"
            },
            "name": {
                "title": "Name of subject",
                "type": "string"
            },
            "total_fix_count": {
                "title": "Total Fix Count",
                "type": "number"
            }
        },
        "title": "EventType Low Speed Wilcox All Clear",
        "type": "object"
    }
}
