﻿{
    "definition": [
        {
            "htmlClass": "col-lg-6",
            "key": "medevacrep_location"
        },
        {
            "htmlClass": "col-lg-6",
            "key": "medevacrep_bestcommunication"
        },
        {
            "htmlClass": "col-lg-6",
            "key": "medevacrep_urgentpatients"
        },
        {
            "htmlClass": "col-lg-6",
            "key": "medevacrep_prioritypatients"
        },
        {
            "htmlClass": "col-lg-6",
            "key": "medevacrep_routinepatients"
        },
        {
            "htmlClass": "col-lg-6",
            "key": "medevacrep_specialequipment"
        },
        {
            "htmlClass": "col-lg-6",
            "key": "medevacrep_ambulatorycasualties"
        },
        {
            "htmlClass": "col-lg-6",
            "key": "medevacrep_stretchercasualties"
        },
        {
            "htmlClass": "col-lg-6",
            "key": "medevacrep_security"
        },
        {
            "htmlClass": "col-lg-6",
            "key": "medevacrep_other"
        }
    ],
    "schema": {
        "$schema": "http://json-schema.org/draft-04/schema#",
        "icon_id": "medevac_rep",
        "id": "https://sandbox.pamdas.org/api/v1.0/activity/events/schema/eventtype/medevac_rep",
        "image_url": "https://sandbox.pamdas.org/static/medevac_rep-black.svg",
        "properties": {
            "medevacrep_ambulatorycasualties": {
                "minimum": 0,
                "title": "Number of walking casualties",
                "type": "number"
            },
            "medevacrep_bestcommunication": {
                "title": "Communication method (radio frequency, patrol call sign, sat phone number, etc)",
                "type": "string"
            },
            "medevacrep_location": {
                "title": "Location of Pickup Site",
                "type": "string"
            },
            "medevacrep_other": {
                "title": "Other",
                "type": "string"
            },
            "medevacrep_prioritypatients": {
                "minimum": 0,
                "title": "Number of Priority Patients (within 6-12 hours)",
                "type": "number"
            },
            "medevacrep_routinepatients": {
                "minimum": 0,
                "title": "Number of Routine Patients (within 24 hours)",
                "type": "number"
            },
            "medevacrep_security": {
                "enum": [
                    "areasecured",
                    "possibleinterference",
                    "opposition"
                ],
                "enumNames": {
                    "areasecured": "Area secured and safe",
                    "opposition": "Opposition in area (armed escort required)",
                    "possibleinterference": "Possible interference from public/poachers (approach with caution)"
                },
                "title": "Security at Pickup Site",
                "type": "string"
            },
            "medevacrep_specialequipment": {
                "enum": [
                    "emergencykit",
                    "stretcher",
                    "other",
                    "none"
                ],
                "enumNames": {
                    "emergencykit": "Complete Emergency Kit",
                    "none": "None",
                    "other": "Other requirements",
                    "stretcher": "Stretcher and other mobilsation devices"
                },
                "title": "Special Equipment Required",
                "type": "string"
            },
            "medevacrep_stretchercasualties": {
                "minimum": 0,
                "title": "Number of stretcher casualties",
                "type": "number"
            },
            "medevacrep_urgentpatients": {
                "minimum": 0,
                "title": "Number of Urgent Patients (1 hour/ASAP)",
                "type": "number"
            }
        },
        "title": "MedEvac Report (medevac_rep)",
        "type": "object"
    }
}
