﻿{
    "definition": [
        {
            "htmlClass": "col-lg-6",
            "key": "mistrep_Method"
        },
        {
            "htmlClass": "col-lg-6",
            "key": "mistrep_Injury",
            "type": "textarea"
        },
        {
            "htmlClass": "col-lg-6",
            "key": "mistrep_Symptoms"
        },
        {
            "htmlClass": "col-lg-6",
            "key": "mistrep_Treatment"
        }
    ],
    "schema": {
        "$schema": "http://json-schema.org/draft-04/schema#",
        "icon_id": "mist_rep",
        "id": "https://sandbox.pamdas.org/api/v1.0/activity/events/schema/eventtype/mist_rep",
        "image_url": "https://sandbox.pamdas.org/static/mist-black.svg",
        "properties": {
            "mistrep_Injury": {
                "title": "I - Injury or Illness details",
                "type": "string"
            },
            "mistrep_Method": {
                "title": "M - Method of injury (how did the casualty occur?)",
                "type": "string"
            },
            "mistrep_Symptoms": {
                "title": "S - Signs and Symptoms",
                "type": "string"
            },
            "mistrep_Treatment": {
                "title": "T - Treatment given so far",
                "type": "string"
            }
        },
        "title": "MIST Report (mist_rep)",
        "type": "object"
    }
}
