﻿{
    "definition": [
        {
            "htmlClass": "col-lg-6",
            "key": "poachercamprep_status"
        },
        {
            "htmlClass": "col-lg-6",
            "key": "poachercamprep_numberofpeople"
        },
        {
            "htmlClass": "col-lg-6",
            "key": "poachercamprep_description"
        }
    ],
    "schema": {
        "$schema": "http://json-schema.org/draft-04/schema#",
        "icon_id": "poacher_camp_rep",
        "id": "https://sandbox.pamdas.org/api/v1.0/activity/events/schema/eventtype/poacher_camp_rep",
        "image_url": "https://sandbox.pamdas.org/static/poacher_camp-black.svg",
        "properties": {
            "poachercamprep_description": {
                "title": "Description of what was detected",
                "type": "string"
            },
            "poachercamprep_numberofpeople": {
                "minimum": 0,
                "title": "Estimated Number of People",
                "type": "number"
            },
            "poachercamprep_status": {
                "enum": [
                    "active",
                    "inactive"
                ],
                "enumNames": {
                    "active": "Active",
                    "inactive": "Inactive"
                },
                "title": "Status of Camp",
                "type": "string"
            }
        },
        "title": "Poacher Camp Report (poacher_camp_rep)",
        "type": "object"
    }
}
