﻿{
    "schema": {
        "$schema": "http://json-schema.org/draft-04/schema#",
        "definition": [
            "name",
            "details",
            "spatial_feature_name",
            "subject_speed_kmhr",
            "subject_heading",
            "total_fix_count",
            "proximity_dist_meters"
        ],
        "icon_id": "proximity",
        "id": "https://sandbox.pamdas.org/api/v1.0/activity/events/schema/eventtype/proximity",
        "image_url": "https://sandbox.pamdas.org/static/sprite-src/proximity.svg",
        "properties": {
            "details": {
                "title": "Details",
                "type": "string"
            },
            "name": {
                "title": "Name of subject",
                "type": "string"
            },
            "proximity_dist_meters": {
                "title": "Proximity Distance Meters",
                "type": "number"
            },
            "spatial_feature_name": {
                "title": "Spatial Feature Name",
                "type": "string"
            },
            "subject_heading": {
                "title": "Subject Heading",
                "type": "number"
            },
            "subject_speed_kmhr": {
                "title": "Subject Speed",
                "type": "number"
            },
            "total_fix_count": {
                "title": "Total Fix Count",
                "type": "number"
            }
        },
        "title": "EventType Proximity",
        "type": "object"
    }
}
