﻿{
    "definition": [
        {
            "key": "radiorep_notes",
            "type": "textarea"
        }
    ],
    "schema": {
        "$schema": "http://json-schema.org/draft-04/schema#",
        "icon_id": "radio_rep",
        "id": "https://sandbox.pamdas.org/api/v1.0/activity/events/schema/eventtype/radio_rep",
        "image_url": "https://sandbox.pamdas.org/static/radio-black.svg",
        "properties": {
            "radiorep_notes": {
                "title": "Notes",
                "type": "string"
            }
        },
        "title": "Radio Report (radio_rep)",
        "type": "object"
    }
}
