﻿{
    "definition": [
        {
            "htmlClass": "col-lg-6",
            "key": "rainfallrep_location"
        },
        {
            "htmlClass": "col-lg-6",
            "key": "rainfallrep_rainfall"
        }
    ],
    "schema": {
        "$schema": "http://json-schema.org/draft-04/schema#",
        "icon_id": "rainfall_rep",
        "id": "https://sandbox.pamdas.org/api/v1.0/activity/events/schema/eventtype/rainfall_rep",
        "image_url": "https://sandbox.pamdas.org/static/sprite-src/rainfall_rep.svg",
        "properties": {
            "rainfallrep_location": {
                "title": "Location",
                "type": "string"
            },
            "rainfallrep_rainfall": {
                "minimum": 0,
                "title": "Rainfall (mm)",
                "type": "number"
            }
        },
        "title": "Rainfall Report (rainfall_rep)",
        "type": "object"
    }
}
