﻿{
    "definition": [
        {
            "htmlClass": "col-lg-6",
            "key": "rangershotrep_ranger"
        },
        {
            "htmlClass": "col-lg-6",
            "key": "rangershotrep_numberofrounds"
        },
        {
            "htmlClass": "col-lg-6",
            "key": "rangershotrep_typeofrounds"
        },
        {
            "htmlClass": "col-lg-6",
            "key": "rangershotrep_target"
        }
    ],
    "schema": {
        "$schema": "http://json-schema.org/draft-04/schema#",
        "icon_id": "ranger_shot_rep",
        "id": "https://sandbox.pamdas.org/api/v1.0/activity/events/schema/eventtype/ranger_shot_rep",
        "image_url": "https://sandbox.pamdas.org/static/ranger_shot_rep-black.svg",
        "properties": {
            "rangershotrep_numberofrounds": {
                "title": "Number Of Rounds",
                "type": "number"
            },
            "rangershotrep_ranger": {
                "title": "Name of Ranger",
                "type": "string"
            },
            "rangershotrep_target": {
                "enum": [
                    "game",
                    "dog",
                    "poacher",
                    "hwc"
                ],
                "enumNames": {
                    "dog": "Dog",
                    "game": "Game",
                    "hwc": "HWC",
                    "poacher": "Poacher"
                },
                "title": "Target",
                "type": "string"
            },
            "rangershotrep_typeofrounds": {
                "enum": [
                    "shot",
                    "rubber",
                    "slug"
                ],
                "enumNames": {
                    "rubber": "Rubber",
                    "shot": "Shot",
                    "slug": "Slug"
                },
                "title": "Type Of Rounds",
                "type": "string"
            }
        },
        "title": "Ranger Shot Report (ranger_shot_rep)",
        "type": "object"
    }
}
