﻿{
    "definition": [
        {
            "htmlClass": "col-lg-6",
            "key": "rhinosightingrep_Rhino"
        },
        {
            "htmlClass": "col-lg-6",
            "key": "rhinosightingrep_earnotchcount"
        },
        {
            "htmlClass": "col-lg-6",
            "key": "rhinosightingrep_condition"
        },
        {
            "htmlClass": "col-lg-6",
            "key": "rhinosightingrep_activity"
        }
    ],
    "schema": {
        "$schema": "http://json-schema.org/draft-04/schema#",
        "icon_id": "rhino_sighting_rep",
        "id": "https://sandbox.pamdas.org/api/v1.0/activity/events/schema/eventtype/rhino_sighting_rep",
        "image_url": "https://sandbox.pamdas.org/static/rhino_sighting-black.svg",
        "properties": {
            "rhinosightingrep_Rhino": {
                "enum": [
                    "d98cad8d-f6cb-4e62-a3fe-5fe38e69a347"
                ],
                "enumNames": {
                    "d98cad8d-f6cb-4e62-a3fe-5fe38e69a347": "Najin"
                },
                "title": "Individual Rhino ID",
                "type": "string"
            },
            "rhinosightingrep_activity": {
                "enum": [
                    "feeding",
                    "fighting",
                    "mating",
                    "moving",
                    "resting",
                    "scentmarking",
                    "standing",
                    "other"
                ],
                "enumNames": {
                    "feeding": "Feeding",
                    "fighting": "Fighting",
                    "mating": "Mating",
                    "moving": "Moving",
                    "other": "Other",
                    "resting": "Resting",
                    "scentmarking": "Scent Marking",
                    "standing": "Standing"
                },
                "title": "Activity",
                "type": "string"
            },
            "rhinosightingrep_condition": {
                "enum": [
                    "one",
                    "two",
                    "three",
                    "four",
                    "five"
                ],
                "enumNames": {
                    "five": "5 (Good)",
                    "four": "4",
                    "one": "1 (Poor)",
                    "three": "3",
                    "two": "2"
                },
                "title": "Condition",
                "type": "string"
            },
            "rhinosightingrep_earnotchcount": {
                "title": "Ear notch count",
                "type": "number"
            }
        },
        "title": "Rhino Sighting (rhino_sighting_rep)",
        "type": "object"
    }
}
