﻿{
    "definition": [
        {
            "htmlClass": "col-lg-6",
            "key": "type_damage"
        },
        {
            "htmlClass": "col-lg-6",
            "key": "actions"
        }
    ],
    "schema": {
        "$schema": "http://json-schema.org/draft-04/schema#",
        "icon_id": "road_status_rep",
        "id": "https://sandbox.pamdas.org/api/v1.0/activity/events/schema/eventtype/road_damage",
        "image_url": "https://sandbox.pamdas.org/static/road_status_rep-black.svg",
        "properties": {
            "actions": {
                "enum": [
                    "fillin",
                    "grade",
                    "pave"
                ],
                "enumNames": {
                    "fillin": "Fill In",
                    "grade": "Grade",
                    "pave": "Pave"
                },
                "title": "Action",
                "type": "string"
            },
            "type_damage": {
                "enum": [
                    "pothole",
                    "rocky",
                    "washaway"
                ],
                "enumNames": {
                    "pothole": "Pothole",
                    "rocky": "Rocky",
                    "washaway": "Wash-Away"
                },
                "title": "Type",
                "type": "string"
            }
        },
        "title": "Road Damage Report",
        "type": "object"
    }
}
