﻿{
    "$schema": "http://json-schema.org/draft-04/schema#",
    "dependencies": {
    },
    "description": "",
    "properties": {
        "attributes": {
            "required": false,
            "title": "Attributes",
            "type": "object"
        },
        "comment": {
            "required": false,
            "title": "Comment",
            "type": "string"
        },
        "created_at": {
            "required": false,
            "title": "Created at",
            "type": "string"
        },
        "created_by_user": {
            "required": false,
            "title": "Created by user",
            "type": "object"
        },
        "end_time": {
            "required": false,
            "title": "End Time",
            "type": "string"
        },
        "event_details": {
            "required": false,
            "title": "Event details",
            "type": "object"
        },
        "event_type": {
            "enum": [
                "accident_rep",
                "animal_control_rep",
                "arrest_rep",
                "carcass_rep",
                "confiscation_rep",
                "incident_collection",
                "light_rep",
                "medevac_rep",
                "mist_rep",
                "contact_rep",
                "poacher_camp_rep",
                "ranger_shot_rep",
                "shot_rep",
                "sit_rep",
                "snare_rep",
                "spoor_rep",
                "activity_rep",
                "traffic_rep",
                "cameratrap_rep"
            ],
            "enum_ext": [
                {
                    "title": "Accident",
                    "value": "accident_rep"
                },
                {
                    "title": "Animal Control",
                    "value": "animal_control_rep"
                },
                {
                    "title": "Arrest",
                    "value": "arrest_rep"
                },
                {
                    "title": "Carcass",
                    "value": "carcass_rep"
                },
                {
                    "title": "Confiscation",
                    "value": "confiscation_rep"
                },
                {
                    "title": "Incident Collection",
                    "value": "incident_collection"
                },
                {
                    "title": "Light",
                    "value": "light_rep"
                },
                {
                    "title": "MedEvac",
                    "value": "medevac_rep"
                },
                {
                    "title": "MIST",
                    "value": "mist_rep"
                },
                {
                    "title": "Poacher Contact",
                    "value": "contact_rep"
                },
                {
                    "title": "Poachers Camp",
                    "value": "poacher_camp_rep"
                },
                {
                    "title": "Ranger Shot",
                    "value": "ranger_shot_rep"
                },
                {
                    "title": "Shot",
                    "value": "shot_rep"
                },
                {
                    "title": "SIT-REP",
                    "value": "sit_rep"
                },
                {
                    "title": "Snare",
                    "value": "snare_rep"
                },
                {
                    "title": "Spoor",
                    "value": "spoor_rep"
                },
                {
                    "title": "Suspicious Activity",
                    "value": "activity_rep"
                },
                {
                    "title": "Traffic",
                    "value": "traffic_rep"
                },
                {
                    "title": "Camera Trap",
                    "value": "cameratrap_rep"
                }
            ],
            "required": false,
            "title": "Event type",
            "type": "object"
        },
        "eventsource": {
            "enum": [
            ],
            "enum_ext": [
            ],
            "required": false,
            "title": "Eventsource",
            "type": "object"
        },
        "external_event_id": {
            "maxLength": 100,
            "required": false,
            "title": "External event id",
            "type": "string"
        },
        "files": {
            "required": false,
            "title": "Files",
            "type": "object"
        },
        "icon_id": {
            "required": false,
            "title": "Icon id",
            "type": "object"
        },
        "id": {
            "required": false,
            "title": "Id",
            "type": "string"
        },
        "is_contained_in": {
            "required": false,
            "title": "Is contained in",
            "type": "object"
        },
        "location": {
            "required": false,
            "title": "Location",
            "type": "string"
        },
        "message": {
            "required": false,
            "title": "Message",
            "type": "string"
        },
        "notes": {
            "required": false,
            "title": "Notes",
            "type": "object"
        },
        "patrol_segments": {
            "required": false,
            "title": "Patrol segments",
            "type": "object"
        },
        "priority": {
            "enum_ext": [
                {
                    "title": "Gray",
                    "value": 0
                },
                {
                    "title": "Green",
                    "value": 100
                },
                {
                    "title": "Amber",
                    "value": 200
                },
                {
                    "title": "Red",
                    "value": 300
                }
            ],
            "required": false,
            "title": "Priority",
            "type": "string"
        },
        "priority_label": {
            "required": false,
            "title": "Priority label",
            "type": "object"
        },
        "provenance": {
            "enum_ext": [
                {
                    "title": "Staff",
                    "value": "staff"
                },
                {
                    "title": "System Process",
                    "value": "system"
                },
                {
                    "title": "Sensor",
                    "value": "sensor"
                },
                {
                    "title": "Analyzer",
                    "value": "analyzer"
                },
                {
                    "title": "Community",
                    "value": "community"
                }
            ],
            "required": false,
            "title": "Provenance",
            "type": "string"
        },
        "related_subjects": {
            "required": false,
            "title": "Related subjects",
            "type": "object"
        },
        "reported_by": {
            "enum": [
                {
                    "content_type": "accounts.user",
                    "first_name": "Cara",
                    "id": "087834fd-3c90-426b-8412-ad5e8662c9d1",
                    "last_name": "Trivella",
                    "username": "CaraT"
                },
                {
                    "content_type": "accounts.user",
                    "first_name": "Chris",
                    "id": "22db15e0-0ddd-4a72-b25a-8d606bd52d5f",
                    "last_name": "Barichievy",
                    "username": "chrisb"
                },
                {
                    "content_type": "accounts.user",
                    "first_name": "Chris",
                    "id": "ac72a1b8-ab74-4279-aa65-3869d1b82930",
                    "last_name": "Doehring",
                    "username": "chrisd"
                },
                {
                    "content_type": "accounts.user",
                    "first_name": "Justin",
                    "id": "c90dbcb9-2ca7-4161-b3d6-074731970ff2",
                    "last_name": "Steventon",
                    "username": "justins"
                },
                {
                    "content_type": "accounts.user",
                    "first_name": "Liam",
                    "id": "8841a06e-996d-47ff-b1a9-181be3d0afa1",
                    "last_name": "Thompson",
                    "username": "liamt"
                },
                {
                    "content_type": "accounts.user",
                    "first_name": "Lukas",
                    "id": "e09af9b8-a3cb-446b-abb1-eb512589ab98",
                    "last_name": "Schefer",
                    "username": "Ranger_CH_Lukas"
                },
                {
                    "content_type": "accounts.user",
                    "first_name": "Privellege",
                    "id": "77f232e8-c1cb-4391-ab54-7eebced86dd0",
                    "last_name": "",
                    "username": "Privellege"
                },
                {
                    "additional": {
                    },
                    "common_name": null,
                    "content_type": "observations.subject",
                    "created_at": "2022-03-23T23:09:03.367392-07:00",
                    "id": "4f600b9c-ea28-4372-a778-e1b61f699c88",
                    "image_url": "/static/ranger-black.svg",
                    "is_active": true,
                    "name": "Ranger Bruce",
                    "subject_subtype": "ranger",
                    "subject_type": "person",
                    "tracks_available": false,
                    "updated_at": "2022-03-23T23:09:03.367413-07:00"
                },
                {
                    "additional": {
                        "country": "",
                        "region": "",
                        "rgb": "",
                        "sex": "male",
                        "tm_animal_id": ""
                    },
                    "common_name": null,
                    "content_type": "observations.subject",
                    "country": "",
                    "created_at": "2022-03-26T07:41:19.857828-07:00",
                    "id": "216b033d-c4ad-444a-9f41-baa6c97cde7d",
                    "image_url": "/static/ranger-black.svg",
                    "is_active": true,
                    "name": "Ranger Bruce (SPOT)",
                    "region": "",
                    "sex": "male",
                    "subject_subtype": "ranger",
                    "subject_type": "person",
                    "tracks_available": false,
                    "updated_at": "2022-03-26T07:55:24.160214-07:00"
                },
                {
                    "additional": {
                        "country": "",
                        "region": "",
                        "rgb": "255, 130, 169",
                        "sex": "male",
                        "tm_animal_id": ""
                    },
                    "common_name": null,
                    "content_type": "observations.subject",
                    "country": "",
                    "created_at": "2022-02-26T15:42:07.006147-08:00",
                    "id": "2a05a9be-f8de-4ba4-a828-105c57ff0221",
                    "image_url": "/static/ranger-blue.svg",
                    "is_active": true,
                    "name": "Ranger Lee",
                    "region": "",
                    "sex": "male",
                    "subject_subtype": "ranger",
                    "subject_type": "person",
                    "tracks_available": false,
                    "updated_at": "2022-02-26T15:44:07.793129-08:00"
                },
                {
                    "additional": {
                        "country": "",
                        "region": "",
                        "rgb": "255, 130, 169",
                        "sex": "male",
                        "tm_animal_id": ""
                    },
                    "common_name": null,
                    "content_type": "observations.subject",
                    "country": "",
                    "created_at": "2022-02-26T15:13:55.860707-08:00",
                    "id": "4997e132-9fa2-4775-80b6-6456d8cc2420",
                    "image_url": "/static/ranger-red.svg",
                    "is_active": true,
                    "name": "Ranger Maria",
                    "region": "",
                    "sex": "male",
                    "subject_subtype": "ranger",
                    "subject_type": "person",
                    "tracks_available": false,
                    "updated_at": "2022-02-26T15:23:58.633329-08:00"
                },
                {
                    "additional": {
                        "country": "",
                        "region": "",
                        "rgb": "255,130,169",
                        "sex": "male",
                        "tm_animal_id": ""
                    },
                    "common_name": null,
                    "content_type": "observations.subject",
                    "country": "",
                    "created_at": "2022-02-26T15:07:26.550283-08:00",
                    "id": "669379ec-8503-4ecc-af0d-f7e5460cf832",
                    "image_url": "/static/ranger-red.svg",
                    "is_active": true,
                    "name": "Ranger Mwangi",
                    "region": "",
                    "sex": "male",
                    "subject_subtype": "ranger",
                    "subject_type": "person",
                    "tracks_available": false,
                    "updated_at": "2022-02-26T15:07:26.550311-08:00"
                },
                {
                    "additional": {
                        "country": "",
                        "region": "",
                        "rgb": "255, 130, 169",
                        "sex": "male",
                        "tm_animal_id": ""
                    },
                    "common_name": null,
                    "content_type": "observations.subject",
                    "country": "",
                    "created_at": "2022-02-26T15:31:45.537868-08:00",
                    "id": "2632c23e-c6cb-4b61-9c7c-835092192b98",
                    "image_url": "/static/ranger-blue.svg",
                    "is_active": true,
                    "name": "Ranger Sara",
                    "region": "",
                    "sex": "male",
                    "subject_subtype": "ranger",
                    "subject_type": "person",
                    "tracks_available": false,
                    "updated_at": "2022-02-26T15:38:18.788187-08:00"
                },
                {
                    "additional": {
                        "country": "",
                        "region": "",
                        "rgb": "255, 130, 169",
                        "sex": "male",
                        "tm_animal_id": ""
                    },
                    "common_name": null,
                    "content_type": "observations.subject",
                    "country": "",
                    "created_at": "2022-02-26T15:36:36.742361-08:00",
                    "id": "aba0376d-19b0-4ce9-8357-43e67fb8bf2c",
                    "image_url": "/static/ranger-red.svg",
                    "is_active": true,
                    "name": "Researcher Sari",
                    "region": "",
                    "sex": "male",
                    "subject_subtype": "ranger",
                    "subject_type": "person",
                    "tracks_available": false,
                    "updated_at": "2022-02-26T15:39:26.483817-08:00"
                },
                {
                    "content_type": "activity.community",
                    "id": "d3379aa0-3ef2-44b7-8b75-735bbbf5d5de",
                    "name": "FLIR"
                },
                {
                    "content_type": "activity.community",
                    "id": "9ec20ec8-516c-40bd-a4a3-9a2b49f5ea40",
                    "name": "Informant"
                }
            ],
            "enum_ext": [
                {
                    "title": "Cara Trivella",
                    "value": {
                        "content_type": "accounts.user",
                        "first_name": "Cara",
                        "id": "087834fd-3c90-426b-8412-ad5e8662c9d1",
                        "last_name": "Trivella",
                        "username": "CaraT"
                    }
                },
                {
                    "title": "Chris Barichievy",
                    "value": {
                        "content_type": "accounts.user",
                        "first_name": "Chris",
                        "id": "22db15e0-0ddd-4a72-b25a-8d606bd52d5f",
                        "last_name": "Barichievy",
                        "username": "chrisb"
                    }
                },
                {
                    "title": "Chris Doehring",
                    "value": {
                        "content_type": "accounts.user",
                        "first_name": "Chris",
                        "id": "ac72a1b8-ab74-4279-aa65-3869d1b82930",
                        "last_name": "Doehring",
                        "username": "chrisd"
                    }
                },
                {
                    "title": "Justin Steventon",
                    "value": {
                        "content_type": "accounts.user",
                        "first_name": "Justin",
                        "id": "c90dbcb9-2ca7-4161-b3d6-074731970ff2",
                        "last_name": "Steventon",
                        "username": "justins"
                    }
                },
                {
                    "title": "Liam Thompson",
                    "value": {
                        "content_type": "accounts.user",
                        "first_name": "Liam",
                        "id": "8841a06e-996d-47ff-b1a9-181be3d0afa1",
                        "last_name": "Thompson",
                        "username": "liamt"
                    }
                },
                {
                    "title": "Lukas Schefer",
                    "value": {
                        "content_type": "accounts.user",
                        "first_name": "Lukas",
                        "id": "e09af9b8-a3cb-446b-abb1-eb512589ab98",
                        "last_name": "Schefer",
                        "username": "Ranger_CH_Lukas"
                    }
                },
                {
                    "title": "Privellege",
                    "value": {
                        "content_type": "accounts.user",
                        "first_name": "Privellege",
                        "id": "77f232e8-c1cb-4391-ab54-7eebced86dd0",
                        "last_name": "",
                        "username": "Privellege"
                    }
                },
                {
                    "title": "Ranger Bruce",
                    "value": {
                        "additional": {
                        },
                        "common_name": null,
                        "content_type": "observations.subject",
                        "created_at": "2022-03-23T23:09:03.367392-07:00",
                        "id": "4f600b9c-ea28-4372-a778-e1b61f699c88",
                        "image_url": "/static/ranger-black.svg",
                        "is_active": true,
                        "name": "Ranger Bruce",
                        "subject_subtype": "ranger",
                        "subject_type": "person",
                        "tracks_available": false,
                        "updated_at": "2022-03-23T23:09:03.367413-07:00"
                    }
                },
                {
                    "title": "Ranger Bruce (SPOT)",
                    "value": {
                        "additional": {
                            "country": "",
                            "region": "",
                            "rgb": "",
                            "sex": "male",
                            "tm_animal_id": ""
                        },
                        "common_name": null,
                        "content_type": "observations.subject",
                        "country": "",
                        "created_at": "2022-03-26T07:41:19.857828-07:00",
                        "id": "216b033d-c4ad-444a-9f41-baa6c97cde7d",
                        "image_url": "/static/ranger-black.svg",
                        "is_active": true,
                        "name": "Ranger Bruce (SPOT)",
                        "region": "",
                        "sex": "male",
                        "subject_subtype": "ranger",
                        "subject_type": "person",
                        "tracks_available": false,
                        "updated_at": "2022-03-26T07:55:24.160214-07:00"
                    }
                },
                {
                    "title": "Ranger Lee",
                    "value": {
                        "additional": {
                            "country": "",
                            "region": "",
                            "rgb": "255, 130, 169",
                            "sex": "male",
                            "tm_animal_id": ""
                        },
                        "common_name": null,
                        "content_type": "observations.subject",
                        "country": "",
                        "created_at": "2022-02-26T15:42:07.006147-08:00",
                        "id": "2a05a9be-f8de-4ba4-a828-105c57ff0221",
                        "image_url": "/static/ranger-blue.svg",
                        "is_active": true,
                        "name": "Ranger Lee",
                        "region": "",
                        "sex": "male",
                        "subject_subtype": "ranger",
                        "subject_type": "person",
                        "tracks_available": false,
                        "updated_at": "2022-02-26T15:44:07.793129-08:00"
                    }
                },
                {
                    "title": "Ranger Maria",
                    "value": {
                        "additional": {
                            "country": "",
                            "region": "",
                            "rgb": "255, 130, 169",
                            "sex": "male",
                            "tm_animal_id": ""
                        },
                        "common_name": null,
                        "content_type": "observations.subject",
                        "country": "",
                        "created_at": "2022-02-26T15:13:55.860707-08:00",
                        "id": "4997e132-9fa2-4775-80b6-6456d8cc2420",
                        "image_url": "/static/ranger-red.svg",
                        "is_active": true,
                        "name": "Ranger Maria",
                        "region": "",
                        "sex": "male",
                        "subject_subtype": "ranger",
                        "subject_type": "person",
                        "tracks_available": false,
                        "updated_at": "2022-02-26T15:23:58.633329-08:00"
                    }
                },
                {
                    "title": "Ranger Mwangi",
                    "value": {
                        "additional": {
                            "country": "",
                            "region": "",
                            "rgb": "255,130,169",
                            "sex": "male",
                            "tm_animal_id": ""
                        },
                        "common_name": null,
                        "content_type": "observations.subject",
                        "country": "",
                        "created_at": "2022-02-26T15:07:26.550283-08:00",
                        "id": "669379ec-8503-4ecc-af0d-f7e5460cf832",
                        "image_url": "/static/ranger-red.svg",
                        "is_active": true,
                        "name": "Ranger Mwangi",
                        "region": "",
                        "sex": "male",
                        "subject_subtype": "ranger",
                        "subject_type": "person",
                        "tracks_available": false,
                        "updated_at": "2022-02-26T15:07:26.550311-08:00"
                    }
                },
                {
                    "title": "Ranger Sara",
                    "value": {
                        "additional": {
                            "country": "",
                            "region": "",
                            "rgb": "255, 130, 169",
                            "sex": "male",
                            "tm_animal_id": ""
                        },
                        "common_name": null,
                        "content_type": "observations.subject",
                        "country": "",
                        "created_at": "2022-02-26T15:31:45.537868-08:00",
                        "id": "2632c23e-c6cb-4b61-9c7c-835092192b98",
                        "image_url": "/static/ranger-blue.svg",
                        "is_active": true,
                        "name": "Ranger Sara",
                        "region": "",
                        "sex": "male",
                        "subject_subtype": "ranger",
                        "subject_type": "person",
                        "tracks_available": false,
                        "updated_at": "2022-02-26T15:38:18.788187-08:00"
                    }
                },
                {
                    "title": "Researcher Sari",
                    "value": {
                        "additional": {
                            "country": "",
                            "region": "",
                            "rgb": "255, 130, 169",
                            "sex": "male",
                            "tm_animal_id": ""
                        },
                        "common_name": null,
                        "content_type": "observations.subject",
                        "country": "",
                        "created_at": "2022-02-26T15:36:36.742361-08:00",
                        "id": "aba0376d-19b0-4ce9-8357-43e67fb8bf2c",
                        "image_url": "/static/ranger-red.svg",
                        "is_active": true,
                        "name": "Researcher Sari",
                        "region": "",
                        "sex": "male",
                        "subject_subtype": "ranger",
                        "subject_type": "person",
                        "tracks_available": false,
                        "updated_at": "2022-02-26T15:39:26.483817-08:00"
                    }
                },
                {
                    "title": "FLIR",
                    "value": {
                        "content_type": "activity.community",
                        "id": "d3379aa0-3ef2-44b7-8b75-735bbbf5d5de",
                        "name": "FLIR"
                    }
                },
                {
                    "title": "Informant",
                    "value": {
                        "content_type": "activity.community",
                        "id": "9ec20ec8-516c-40bd-a4a3-9a2b49f5ea40",
                        "name": "Informant"
                    }
                }
            ],
            "required": false,
            "title": "Reported by",
            "type": "object"
        },
        "serial_number": {
            "maximum": 9223372036854776000,
            "minimum": -9223372036854776000,
            "required": false,
            "title": "Serial Number",
            "type": "integer"
        },
        "sort_at": {
            "required": false,
            "title": "Sort at",
            "type": "string"
        },
        "state": {
            "enum_ext": [
                {
                    "title": "New",
                    "value": "new"
                },
                {
                    "title": "Active",
                    "value": "active"
                },
                {
                    "title": "Resolved",
                    "value": "resolved"
                }
            ],
            "required": false,
            "title": "State",
            "type": "string"
        },
        "time": {
            "required": false,
            "title": "Time",
            "type": "string"
        },
        "title": {
            "required": false,
            "title": "Title",
            "type": "string"
        },
        "updated_at": {
            "required": false,
            "title": "Updated at",
            "type": "string"
        }
    },
    "required": [
    ],
    "type": "object"
}
