﻿{
    "definition": [
        {
            "fieldHtmlClass": "date-time-picker json-schema",
            "htmlClass": "col-lg-6",
            "key": "shotrep_timeofshot",
            "readonly": false
        },
        {
            "htmlClass": "col-lg-6",
            "key": "shotrep_bearing"
        },
        {
            "htmlClass": "col-lg-6",
            "key": "shotrep_distance"
        },
        {
            "htmlClass": "col-lg-6",
            "key": "shotrep_numberofshots"
        },
        {
            "htmlClass": "col-lg-6",
            "key": "shotrep_typeofshots"
        },
        {
            "htmlClass": "col-lg-6",
            "key": "shotrep_estimatedcaliber"
        },
        {
            "htmlClass": "col-lg-6",
            "key": "shotrep_patrolresponse"
        }
    ],
    "schema": {
        "$schema": "http://json-schema.org/draft-04/schema#",
        "icon_id": "shot_rep",
        "id": "https://sandbox.pamdas.org/api/v1.0/activity/events/schema/eventtype/shot_rep",
        "image_url": "https://sandbox.pamdas.org/static/shot_rep-black.svg",
        "properties": {
            "shotrep_bearing": {
                "maximum": 360,
                "minimum": 0,
                "title": "Bearing to Shot (0-360)",
                "type": "number"
            },
            "shotrep_distance": {
                "minimum": 0,
                "title": "Distance of Shots (m)",
                "type": "number"
            },
            "shotrep_estimatedcaliber": {
                "enum": [
                    "smallcalibershot",
                    "shotgunshot",
                    "largecalibershot"
                ],
                "enumNames": {
                    "largecalibershot": "Large Caliber",
                    "shotgunshot": "Shot gun/muzzle loader",
                    "smallcalibershot": "Small Caliber"
                },
                "title": "Estimated Caliber",
                "type": "string"
            },
            "shotrep_numberofshots": {
                "minimum": 0,
                "title": "Number of Shots",
                "type": "number"
            },
            "shotrep_patrolresponse": {
                "title": "Patrols Response / Intent",
                "type": "string"
            },
            "shotrep_timeofshot": {
                "title": "Time when shot was heard",
                "type": "string"
            },
            "shotrep_typeofshots": {
                "enum": [
                    "singleshot",
                    "semiautomaticshot",
                    "automaticshot"
                ],
                "enumNames": {
                    "automaticshot": "Automatic",
                    "semiautomaticshot": "Semi-automatic",
                    "singleshot": "Single"
                },
                "title": "Rate of Fire",
                "type": "string"
            }
        },
        "title": "Shot Report",
        "type": "object"
    }
}
