﻿{
    "definition": [
        {
            "htmlClass": "col-lg-6",
            "key": "sitrep_currentactivity",
            "type": "textarea"
        },
        {
            "htmlClass": "col-lg-6",
            "key": "sitrep_futureactivity",
            "type": "textarea"
        },
        {
            "htmlClass": "col-lg-6",
            "key": "sitrep_other",
            "type": "textarea"
        }
    ],
    "schema": {
        "$schema": "http://json-schema.org/draft-04/schema#",
        "icon_id": "sit_rep",
        "id": "https://sandbox.pamdas.org/api/v1.0/activity/events/schema/eventtype/sit_rep",
        "image_url": "https://sandbox.pamdas.org/static/sit_rep-black.svg",
        "properties": {
            "sitrep_currentactivity": {
                "title": "Update of current activity",
                "type": "string"
            },
            "sitrep_futureactivity": {
                "title": "Planned Future Activity",
                "type": "string"
            },
            "sitrep_other": {
                "title": "Other",
                "type": "string"
            }
        },
        "title": "Sit Rep Report (sit_rep)",
        "type": "object"
    }
}
