﻿{
    "definition": [
        {
            "htmlClass": "col-lg-6",
            "key": "snarerep_numberofsnares"
        },
        {
            "htmlClass": "col-lg-6",
            "key": "snarerep_status"
        },
        {
            "htmlClass": "col-lg-6",
            "key": "snarerep_action"
        },
        {
            "htmlClass": "col-lg-6",
            "key": "snarerep_comments"
        }
    ],
    "schema": {
        "$schema": "http://json-schema.org/draft-04/schema#",
        "icon_id": "snare_rep",
        "id": "https://sandbox.pamdas.org/api/v1.0/activity/events/schema/eventtype/snare_rep",
        "image_url": "https://sandbox.pamdas.org/static/snare-black.svg",
        "properties": {
            "snarerep_action": {
                "enum": [
                    "remove",
                    "ambushed"
                ],
                "enumNames": {
                    "ambushed": "Ambushed",
                    "remove": "Remove"
                },
                "title": "Planned Action",
                "type": "string"
            },
            "snarerep_comments": {
                "title": "Comments",
                "type": "string"
            },
            "snarerep_numberofsnares": {
                "title": "Number of Snares Found",
                "type": "number"
            },
            "snarerep_status": {
                "enum": [
                    "set",
                    "unset"
                ],
                "enumNames": {
                    "set": "Set",
                    "unset": "Unset"
                },
                "title": "Status",
                "type": "string"
            }
        },
        "title": "Snare Report (snare_rep)",
        "type": "object"
    }
}
