﻿{
    "definition": [
        {
            "htmlClass": "col-lg-6",
            "key": "spoorrep_type"
        },
        {
            "htmlClass": "col-lg-6",
            "key": "spoorrep_numberpeopletracked"
        },
        {
            "htmlClass": "col-lg-6",
            "key": "spoorrep_bearing"
        },
        {
            "htmlClass": "col-lg-6",
            "key": "spoorrep_age"
        },
        {
            "htmlClass": "col-lg-6",
            "key": "spoorrep_comments"
        }
    ],
    "schema": {
        "$schema": "http://json-schema.org/draft-04/schema#",
        "icon_id": "spoor_rep",
        "id": "https://sandbox.pamdas.org/api/v1.0/activity/events/schema/eventtype/spoor_rep",
        "image_url": "https://sandbox.pamdas.org/static/spoor-black.svg",
        "properties": {
            "spoorrep_age": {
                "enum": [
                    "new",
                    "old"
                ],
                "enumNames": {
                    "new": "New/Fresh",
                    "old": "Old"
                },
                "title": "Age of the spoor",
                "type": "string"
            },
            "spoorrep_bearing": {
                "maximum": 360,
                "minimum": 0,
                "title": "Bearing Spoor is going (0-360)",
                "type": "number"
            },
            "spoorrep_comments": {
                "title": "Comments/other information",
                "type": "string"
            },
            "spoorrep_numberpeopletracked": {
                "minimum": 0,
                "title": "Estimated number of people being tracked",
                "type": "number"
            },
            "spoorrep_type": {
                "enum": [
                    "footprint",
                    "motorbike",
                    "vehilce"
                ],
                "enumNames": {
                    "footprint": "Footprint",
                    "motorbike": "Motorbike",
                    "vehilce": "Vehicle"
                },
                "title": "Type of spoor",
                "type": "string"
            }
        },
        "title": "Spoor Report (spoor_rep)",
        "type": "object"
    }
}
