﻿{
    "definition": [
        {
            "htmlClass": "col-lg-6",
            "key": "trafficrep_sightingdescription"
        },
        {
            "htmlClass": "col-lg-6",
            "key": "trafficrep_bearing"
        },
        {
            "htmlClass": "col-lg-6",
            "key": "trafficrep_distance"
        },
        {
            "htmlClass": "col-lg-6",
            "key": "trafficrep_sightingactivity"
        },
        {
            "htmlClass": "col-lg-6",
            "key": "trafficrep_vehicleregistration"
        },
        {
            "htmlClass": "col-lg-6",
            "key": "trafficrep_vehiclemakemodel"
        },
        {
            "htmlClass": "col-lg-6",
            "key": "trafficrep_currentpatrolactivity"
        }
    ],
    "schema": {
        "$schema": "http://json-schema.org/draft-04/schema#",
        "icon_id": "traffic_rep",
        "id": "https://sandbox.pamdas.org/api/v1.0/activity/events/schema/eventtype/traffic_rep",
        "image_url": "https://sandbox.pamdas.org/static/traffic_rep-black.svg",
        "properties": {
            "trafficrep_bearing": {
                "maximum": 360,
                "minimum": 0,
                "title": "Bearing (0-360)",
                "type": "number"
            },
            "trafficrep_currentpatrolactivity": {
                "title": "Patrols Response / Intent",
                "type": "string"
            },
            "trafficrep_distance": {
                "minimum": 0,
                "title": "Distance (m)",
                "type": "number"
            },
            "trafficrep_sightingactivity": {
                "enum": [
                    "speeding",
                    "drivingoffroad",
                    "brokendown",
                    "other"
                ],
                "enumNames": {
                    "brokendown": "Broken Down",
                    "drivingoffroad": "Driving Off Road",
                    "other": "Other",
                    "speeding": "Speeding"
                },
                "title": "Activity of vehicle",
                "type": "string"
            },
            "trafficrep_sightingdescription": {
                "enum": [
                    "aircraft",
                    "bicycles",
                    "boats",
                    "car",
                    "motorbike",
                    "truck",
                    "other"
                ],
                "enumNames": {
                    "aircraft": "Aircraft",
                    "bicycles": "Bicycles",
                    "boats": "Boats",
                    "car": "Car",
                    "motorbike": "Motorbike",
                    "other": "Other",
                    "truck": "Truck"
                },
                "title": "What was seen?",
                "type": "string"
            },
            "trafficrep_vehiclemakemodel": {
                "title": "Vehicle Make and Model",
                "type": "string"
            },
            "trafficrep_vehicleregistration": {
                "title": "Vehicle Registration Number",
                "type": "string"
            }
        },
        "title": "Traffic Report (traffic_rep)",
        "type": "object"
    }
}
