﻿{
    "definition": [
        {
            "htmlClass": "col-lg-6",
            "key": "wildlifesightingrep_species"
        },
        {
            "htmlClass": "col-lg-6",
            "key": "wildlifesightingrep_numberanimals"
        },
        {
            "htmlClass": "col-lg-6",
            "key": "wildlifesightingrep_collared"
        }
    ],
    "schema": {
        "$schema": "http://json-schema.org/draft-04/schema#",
        "icon_id": "wildlife_sighting_rep_SMART",
        "id": "https://sandbox.pamdas.org/api/v1.0/activity/events/schema/eventtype/wildlife_sighting_rep",
        "image_url": "https://sandbox.pamdas.org/static/sprite-src/wildlife_sighting_rep_SMART.svg",
        "properties": {
            "wildlifesightingrep_collared": {
                "enum": [
                    "yes",
                    "no"
                ],
                "enumNames": {
                    "no": "No",
                    "yes": "Yes"
                },
                "title": "Are Animals Collared",
                "type": "string"
            },
            "wildlifesightingrep_numberanimals": {
                "minimum": 0,
                "title": "Count",
                "type": "number"
            },
            "wildlifesightingrep_species": {
                "enum": [
                    "bongo",
                    "buffalo",
                    "cheetah",
                    "chimpanzee",
                    "crocodile",
                    "eland",
                    "elephant",
                    "giraffe",
                    "gorilla",
                    "hippo",
                    "hyena",
                    "kob",
                    "kudu",
                    "lechwe",
                    "leopard",
                    "lion",
                    "redriverhog",
                    "rhino",
                    "sable",
                    "shoebill",
                    "topi",
                    "tsessebe",
                    "warthog",
                    "waterbuck",
                    "wildebeest",
                    "wilddog",
                    "zebra",
                    "other"
                ],
                "enumNames": {
                    "bongo": "Bongo",
                    "buffalo": "Buffalo",
                    "cheetah": "Cheetah",
                    "chimpanzee": "Chimpanzee",
                    "crocodile": "Crocodile",
                    "eland": "Eland",
                    "elephant": "Elephant",
                    "giraffe": "Giraffe",
                    "gorilla": "Gorilla",
                    "hippo": "Hippo",
                    "hyena": "Hyena",
                    "kob": "Kob",
                    "kudu": "Kudu",
                    "lechwe": "Lechwe",
                    "leopard": "Leopard",
                    "lion": "Lion",
                    "other": "Other",
                    "redriverhog": "Red River Hog",
                    "rhino": "Rhino",
                    "sable": "Sable",
                    "shoebill": "Shoebill",
                    "topi": "Topi",
                    "tsessebe": "Tsessebe",
                    "warthog": "Warthog",
                    "waterbuck": "Waterbuck",
                    "wilddog": "Wild Dog",
                    "wildebeest": "Wildebeest",
                    "zebra": "Zebra"
                },
                "title": "Species",
                "type": "string"
            }
        },
        "title": "Other Wildlife Sighting Report (wildlife_sighting_rep)",
        "type": "object"
    }
}
