[{"SMART_DataType":{"isRequired":true,"default":"incident","generated":false,"label_default":"Data Type","isVisible":false,"type":"TEXT"}},{"SMART_Employees":{"isRequired":false,"defaults":["cd32e2442ade4e64973f0a9e6bc50c19","bde8ccb7ad3b41b0af412fe36318292c","cfc03b57a608436cb4cf755b34c81687","f0535ecd7ca64d52b7707772006f3c2f","769b6cf7ebdd4c578e951aaa215db04c","2263dd5ae7b34a92b59a94300369b182","6e5ace5a25b54bffa3f157918a074263"],"label_default":"Employees","options":[{"label":"David Aliata","uuid":"cd32e2442ade4e64973f0a9e6bc50c19"},{"label":"John Peter","uuid":"2263dd5ae7b34a92b59a94300369b182"},{"label":"Lilian Wendy","uuid":"cfc03b57a608436cb4cf755b34c81687"},{"label":"Samnang Tang","uuid":"f0535ecd7ca64d52b7707772006f3c2f"},{"label":"smart smart","uuid":"769b6cf7ebdd4c578e951aaa215db04c"},{"label":"Tim Obriek","uuid":"bde8ccb7ad3b41b0af412fe36318292c"},{"label":"Tony Wambu","uuid":"6e5ace5a25b54bffa3f157918a074263"}],"groups":[],"isVisible":false,"type":"MULTI_CHOICE","label_en":"Employees","isFixed":false}}]