[{"SMART_PatrolTransport":{"isRequired":true,"label_default":"Patrol Transport Type","options":[{"ct_settings":{"waypoint_timer_type":"TIME","waypoint_timer":5},"label_default":"Air","max_speed":500,"label_en":"Air","uuid":"bbd7a04473d84c6285550702226f206c","key":"air"},{"ct_settings":{"waypoint_timer_type":"TIME","waypoint_timer":30},"label_default":"Water","max_speed":70,"label_en":"Water","uuid":"ec90fe0bbbff4098aa06d04b0fbed6a4","key":"water"},{"ct_settings":{"waypoint_timer_type":"TIME","waypoint_timer":60},"label_default":"Foot","max_speed":120,"label_en":"Foot","uuid":"92b089a673a3474984cef5d41caca2af","key":"foot"},{"ct_settings":{"waypoint_timer_type":"TIME","waypoint_timer":15},"label_default":"Vehicle","max_speed":120,"label_en":"Vehicle","uuid":"396b069b5bef4786a27afd88a317dc5f","key":"vehicle"}],"isVisible":true,"type":"SINGLE_CHOICE","label_en":"Patrol Transport Type","isFixed":false}},{"SMART_Armed":{"isRequired":true,"label_default":"Is Armed","isVisible":true,"type":"BOOLEAN","label_en":"Is Armed","isFixed":true}},{"SMART_Team":{"isRequired":false,"label_default":"Team","options":[{"label_default":"Community Team 1","label_en":"Community Team 1","uuid":"3efdcfcf2f674044a5765012359471d5","key":"communityteam1"},{"label_default":"Mobile Team 1","label_en":"Mobile Team 1","uuid":"3eef8a9182ee48c79ea94c22e18dd905","key":"mobileteam1"},{"label_default":"Mobile Team 2","label_en":"Mobile Team 2","uuid":"77a3f892e8364584b622311f8149d6bf","key":"mobileteam2"}],"isVisible":true,"type":"SINGLE_CHOICE","label_en":"Team","isFixed":true}},{"SMART_Station":{"isRequired":false,"label_default":"Station","options":[{"label_default":"HQ","label_en":"HQ","uuid":"de064c78d82a428a95c54a099024f8a3"},{"label_default":"Patrol Station 1","label_en":"Patrol Station 1","uuid":"11f95b3aec444092a266d5e391c7bbce"},{"label_default":"Fixed Patrol Post 1","label_en":"Fixed Patrol Post 1","uuid":"cb9e8cdaefdb4babb397d7811b0f79ce"}],"isVisible":true,"type":"SINGLE_CHOICE","label_en":"Station","isFixed":true}},{"SMART_Mandate":{"isRequired":true,"label_default":"Mandate","options":[{"label_default":"Anti-poaching","label_en":"Anti-poaching","uuid":"fc067b87c1ee4720b5c16de775820d05","key":"antipoaching"},{"label_default":"Follow-up","label_en":"Follow-up","uuid":"1b866225e84f400a9b5744ccd71864f8","key":"followup"},{"label_default":"Research and Monitoring","label_en":"Research and Monitoring","uuid":"6fb86072c16042c1bb88e6edf539b952","key":"reasearchandmonitoring"},{"label_default":"Surveillance","label_en":"Surveillance","uuid":"b8e150b8d7c54ec08f3de4dc8e85279d","key":"surveillance"}],"isVisible":true,"type":"SINGLE_CHOICE","label_en":"Mandate","isFixed":false}},{"SMART_Objective":{"isRequired":false,"label_default":"Objective","isVisible":true,"type":"TEXT","label_en":"Objective","isFixed":true}},{"SMART_Comments":{"isRequired":false,"label_default":"Comment","isVisible":true,"type":"TEXT","label_en":"Comment","isFixed":true}},{"SMART_Employees":{"isRequired":true,"label_default":"Employees","options":[{"label":"David Aliata","uuid":"cd32e2442ade4e64973f0a9e6bc50c19"},{"label":"John Peter","uuid":"2263dd5ae7b34a92b59a94300369b182"},{"label":"Lilian Wendy","uuid":"cfc03b57a608436cb4cf755b34c81687"},{"label":"Samnang Tang","uuid":"f0535ecd7ca64d52b7707772006f3c2f"},{"label":"smart smart","uuid":"769b6cf7ebdd4c578e951aaa215db04c"},{"label":"Tim Obriek","uuid":"bde8ccb7ad3b41b0af412fe36318292c"},{"label":"Tony Wambu","uuid":"6e5ace5a25b54bffa3f157918a074263"}],"groups":[],"isVisible":true,"type":"MULTI_CHOICE","label_en":"Employees","isFixed":false}},{"SMART_Leader":{"parent":"SMART_Employees","isRequired":true,"label_default":"Leader","isVisible":true,"type":"SINGLE_CHOICE","label_en":"Leader","isFixed":false}},{"SMART_Pilot":{"parent":"SMART_Employees","isRequired":false,"required_by":{"SMART_PatrolTransport":["bbd7a04473d84c6285550702226f206c","ec90fe0bbbff4098aa06d04b0fbed6a4"]},"label_default":"Pilot","isVisible":true,"type":"SINGLE_CHOICE","label_en":"Pilot","isFixed":false}},{"SMART_DataType":{"isRequired":true,"default":"patrol","generated":false,"label_default":"Data Type","isVisible":false,"type":"TEXT"}},{"SMART_PatrolID":{"isRequired":true,"generated":true,"label_default":"Identifier","isVisible":false,"type":"UUID"}},{"SMART_PatrolStartDate":{"isRequired":true,"generated":true,"label_default":"Patrol Start Date","isVisible":false,"type":"DATE"}},{"SMART_PatrolStartTime":{"isRequired":true,"generated":true,"label_default":"Patrol Start Time","isVisible":false,"type":"TIME"}}]